(1,"Aafte"),
(2,"Aalès"),
(3,"Aalèz"),
(4,"Aalfte"),
(5,"Aalina"),
(6,"Aaline"),
(7,"Aalis"),
(8,"Aaliz"),
(9,"Aaltje"),
(10,"Aanor"),
(11,"Ababilia"),
(12,"Abarne"),
(13,"Abauntza"),
(14,"Abbatissa"),
(15,"Abbelina"),
(16,"Abelie"),
(17,"Abelota"),
(18,"Abte"),
(19,"Acelina"),
(20,"Achaia"),
(21,"Achethe"),
(22,"Achradina"),
(23,"Actaëe"),
(24,"Actë"),
(25,"Ada"),
(26,"Adala"),
(27,"Adalberta"),
(28,"Adaleide"),
(29,"Adalheid"),
(30,"Adalheidis"),
(31,"Adalind"),
(32,"Adalindis"),
(33,"Adaliz"),
(34,"Adallinda"),
(35,"Adallindis"),
(36,"Adalmut"),
(37,"Adalrada"),
(38,"Adaltrude"),
(39,"Adaltrutis"),
(40,"Adaluuidis"),
(41,"Adalwara"),
(42,"Adalwif"),
(43,"Adda"),
(44,"Addela"),
(45,"Ade"),
(46,"Adeia"),
(47,"Adela"),
(48,"Adelaide"),
(49,"Adelaidis"),
(50,"Adelais"),
(51,"Adeldreda"),
(52,"Adelena"),
(53,"Adelheid"),
(54,"Adelheidis"),
(55,"Adelicia"),
(56,"Adelid"),
(57,"Adelie"),
(58,"Adelin"),
(59,"Adelina"),
(60,"Adeline"),
(61,"Adelisa"),
(62,"Adeliz"),
(63,"Adeliza"),
(64,"Adeltrudis"),
(65,"Adelysia"),
(66,"Adeodata"),
(67,"Adere"),
(68,"Adète"),
(69,"Adhela"),
(70,"Adhelina"),
(71,"Adila"),
(72,"Admiranda"),
(73,"Adonie"),
(74,"Adula"),
(75,"Aduna"),
(76,"Adwala"),
(77,"Aebbe"),
(78,"Aedelflete"),
(79,"Aeditha"),
(80,"Aediva"),
(81,"Aedon"),
(82,"Aegiolea"),
(83,"Aegle"),
(84,"Aeileua"),
(85,"Aeilgyuu"),
(86,"Aeldid"),
(87,"Aeldiet"),
(88,"Aeldit"),
(89,"Aeleis"),
(90,"Aelesia"),
(91,"Aelffled"),
(92,"Aelfgiuee"),
(93,"Aelfgiva"),
(94,"Aelfgyd"),
(95,"Aelfled"),
(96,"Aelfleda"),
(97,"Aelfryth"),
(98,"Aelgytha"),
(99,"Aelienor"),
(100,"Aelina"),
(101,"Aelis"),
(102,"Aelisia"),
(103,"Aelive"),
(104,"Aelizia"),
(105,"Aelueua"),
(106,"Aenor"),
(107,"Aerope"),
(108,"Aes"),
(109,"Aeschine"),
(110,"Aetheldreda"),
(111,"Aethelfleada"),
(112,"Aethelind"),
(113,"Aethelinda"),
(114,"Aethelthryth"),
(115,"Aetheria"),
(116,"Aethre"),
(117,"Agace"),
(118,"Agacia"),
(119,"Agacie"),
(120,"Agamede"),
(121,"Aganippe"),
(122,"Agape"),
(123,"Agapia"),
(124,"Agarista"),
(125,"Agas"),
(126,"Agase"),
(127,"Agate"),
(128,"Agatha"),
(129,"Agathé"),
(130,"Agathonice"),
(131,"Agave"),
(132,"Agentrudis"),
(133,"Aggie"),
(134,"Agglethrudis"),
(135,"Aginaga"),
(136,"Agirre"),
(137,"Aglaia"),
(138,"Aglaurus"),
(139,"Agnella"),
(140,"Agnesot"),
(141,"Agneta"),
(142,"Agnetis"),
(143,"Agnus"),
(144,"Agote"),
(145,"Agurne"),
(146,"Agurtzane"),
(147,"Ahelis"),
(148,"Ahelissa"),
(149,"Aiago"),
(150,"Aiala"),
(151,"Aicelina"),
(152,"Aicusa"),
(153,"Aiglante"),
(154,"Aiglente"),
(155,"Aiglentine"),
(156,"Aikaterine"),
(157,"Ailda"),
(158,"Aildreda"),
(159,"Ailed"),
(160,"Aileth"),
(161,"Aileua"),
(162,"Aileve"),
(163,"Ailfled"),
(164,"Ailhiet"),
(165,"Ailid"),
(166,"Ailiet"),
(167,"Ailith"),
(168,"Ailitha"),
(169,"Ailiue"),
(170,"Ailiva"),
(171,"Ailleda"),
(172,"Ailleth"),
(173,"Ailletha"),
(174,"Ailliva"),
(175,"Ailova"),
(176,"Ailufa"),
(177,"Aimie"),
(178,"Ainara"),
(179,"Ainhoa"),
(180,"Ainize"),
(181,"Ainoa"),
(182,"Aintza"),
(183,"Aintzane"),
(184,"Aintzile"),
(185,"Aintzine"),
(186,"Ainuesa"),
(187,"Aiora"),
(188,"Aisone"),
(189,"Aithra"),
(190,"Aitziber"),
(191,"Aizeti"),
(192,"Aizkorri"),
(193,"Aizpea"),
(194,"Aka"),
(195,"Akelda"),
(196,"Akenehi"),
(197,"Aketa"),
(198,"Akorda"),
(199,"Ala"),
(200,"Alaine"),
(201,"Alainne"),
(202,"Alais"),
(203,"Alaitz"),
(204,"Alazaïs"),
(205,"Alazne"),
(206,"Alba"),
(207,"Albelenda"),
(208,"Alberad"),
(209,"Alberadis"),
(210,"Albie"),
(211,"Albizua"),
(212,"Albrad"),
(213,"Albrade"),
(214,"Albray"),
(215,"Albreda"),
(216,"Albree"),
(217,"Albruga"),
(218,"Alburch"),
(219,"Alburg"),
(220,"Alcandre"),
(221,"Alcestis"),
(222,"Alcippe"),
(223,"Alcmene"),
(224,"Alcyone"),
(225,"Alda"),
(226,"Alded"),
(227,"Aldet"),
(228,"Aldeth"),
(229,"Aldgid"),
(230,"Aldguda"),
(231,"Aldgudana"),
(232,"Aldgyth"),
(233,"Aldid"),
(234,"Aldiet"),
(235,"Aldieth"),
(236,"Aldietha"),
(237,"Aldis"),
(238,"Aldith"),
(239,"Alditha"),
(240,"Aldiva"),
(241,"Aldiytha"),
(242,"Aldruth"),
(243,"Alduara"),
(244,"Alduenza"),
(245,"Aldus"),
(246,"Aldusa"),
(247,"Alduse"),
(248,"Aldyet"),
(249,"Aldyt"),
(250,"Aleidis"),
(251,"Aleire"),
(252,"Alemene"),
(253,"Aleneite"),
(254,"Alesandese"),
(255,"Alesia"),
(256,"Alesone"),
(257,"Alesta"),
(258,"Aleusa"),
(259,"Alexandra"),
(260,"Alexandria"),
(261,"Alfgarda"),
(262,"Alfild"),
(263,"Alfled"),
(264,"Alfleda"),
(265,"Alflent"),
(266,"Alflet"),
(267,"Alfleta"),
(268,"Alfreda"),
(269,"Algaia"),
(270,"Algyva"),
(271,"Alhflaed"),
(272,"Alhflead"),
(273,"Alia"),
(274,"Alianor"),
(275,"Alianora"),
(276,"Alice"),
(277,"Alicen"),
(278,"Alicia"),
(279,"Alid"),
(280,"Alienor"),
(281,"Alienora"),
(282,"Alina"),
(283,"Aline"),
(284,"Alis"),
(285,"Alisaundre"),
(286,"Alisceon"),
(287,"Alise"),
(288,"Alison"),
(289,"Alisone"),
(290,"Alisoun"),
(291,"Aliss"),
(292,"Alissende"),
(293,"Alith"),
(294,"Aliua"),
(295,"Aliva"),
(296,"Aliz"),
(297,"Alize"),
(298,"Alkain"),
(299,"Alkmena"),
(300,"Allemande"),
(301,"Allie"),
(302,"Allison"),
(303,"Alma"),
(304,"Almika"),
(305,"Almt"),
(306,"Almuth"),
(307,"Almuza"),
(308,"Aloa"),
(309,"Alodia"),
(310,"Alot"),
(311,"Alote"),
(312,"Alpaida"),
(313,"Alpais"),
(314,"Alse"),
(315,"Alsneta"),
(316,"Alson"),
(317,"Althaea"),
(318,"Althaia"),
(319,"Althea"),
(320,"Altzagarate"),
(321,"Alueua"),
(322,"Alueue"),
(323,"Aluina"),
(324,"Aluinnia"),
(325,"Aluiua"),
(326,"Alverat"),
(327,"Alvered"),
(328,"Alveua"),
(329,"Alveva"),
(330,"Alviua"),
(331,"Alviva"),
(332,"Alycie"),
(333,"Alyna"),
(334,"Alyon"),
(335,"Alys"),
(336,"Alyson"),
(337,"Alysone"),
(338,"Alyva"),
(339,"Ama"),
(340,"Amabil"),
(341,"Amabili"),
(342,"Amabilia"),
(343,"Amabilis"),
(344,"Amabilla"),
(345,"Amabillia"),
(346,"Amable"),
(347,"Amaduena"),
(348,"Amagoia"),
(349,"Amaia"),
(350,"Amalasuintha"),
(351,"Amalberga"),
(352,"Amalberta"),
(353,"Amalbirga"),
(354,"Amalfrida"),
(355,"Amalfriede"),
(356,"Amalgunde"),
(357,"Amalone"),
(358,"Amalur"),
(359,"Amane"),
(360,"Amarhyllis"),
(361,"Amata"),
(362,"Amathea"),
(363,"Amatheia"),
(364,"Amatza"),
(365,"Ambra"),
(366,"Amee"),
(367,"Ameis"),
(368,"Amelia"),
(369,"Amelina"),
(370,"Ameline"),
(371,"Amelinne"),
(372,"Amellia"),
(373,"Amelot"),
(374,"Amelyn"),
(375,"Ameria"),
(376,"Amestrin"),
(377,"Amestris"),
(378,"Amets"),
(379,"Ametza"),
(380,"Amfelice"),
(381,"Amfelisia"),
(382,"Amflis"),
(383,"Amflisa"),
(384,"Amflisia"),
(385,"Amia"),
(386,"Amiable"),
(387,"Amic"),
(388,"Amica"),
(389,"Amicabilis"),
(390,"Amicia"),
(391,"Amicie"),
(392,"Amie"),
(393,"Amilamia"),
(394,"Amilia"),
(395,"Amiot"),
(396,"Amira"),
(397,"Amis"),
(398,"Amiscia"),
(399,"Amisia"),
(400,"Amke"),
(401,"Ammij"),
(402,"Ammio"),
(403,"Ammy"),
(404,"Amoltrud"),
(405,"Amparo"),
(406,"Amphelice"),
(407,"Amphelicia"),
(408,"Amphillis"),
(409,"Amphithoe"),
(410,"Amphitrite"),
(411,"Ampinomene"),
(412,"Amplias"),
(413,"Amulberga"),
(414,"Amuna"),
(415,"Amya"),
(416,"Amycia"),
(417,"Amye"),
(418,"Amyfelyse"),
(419,"Anabel"),
(420,"Anabell"),
(421,"Anabella"),
(422,"Anabill"),
(423,"Anabilla"),
(424,"Anabille"),
(425,"Anabul"),
(426,"Anachorita"),
(427,"Anaeaxi"),
(428,"Anaiansi"),
(429,"Anais"),
(430,"Anastas"),
(431,"Anastase"),
(432,"Anastasia"),
(433,"Anastatia"),
(434,"Anaurra"),
(435,"Anchoret"),
(436,"Anchoretta"),
(437,"Ancret"),
(438,"Ancreta"),
(439,"Ancrett"),
(440,"Ande"),
(441,"Anderazu"),
(442,"Andere"),
(443,"Anderexo"),
(444,"Anderkina"),
(445,"Andia"),
(446,"Andikona"),
(447,"Andion"),
(448,"Andolie"),
(449,"Andone"),
(450,"Andonine"),
(451,"Andre"),
(452,"Andrea"),
(453,"Andregoto"),
(454,"Andrekina"),
(455,"Andremisa"),
(456,"Andreva"),
(457,"Andrezuria"),
(458,"Andrie"),
(459,"Andromeda"),
(460,"Ane"),
(461,"Anès"),
(462,"Anese"),
(463,"Anesot"),
(464,"Anestasia"),
(465,"Anfelisa"),
(466,"Anfelise"),
(467,"Angaret"),
(468,"Angel"),
(469,"Angela"),
(470,"Angelet"),
(471,"Angelu"),
(472,"Angnes"),
(473,"Angnet"),
(474,"Anis"),
(475,"Aniz"),
(476,"Ankerita"),
(477,"Ankharet"),
(478,"Anna"),
(479,"Annabele"),
(480,"Annabell"),
(481,"Annabella"),
(482,"Annabelle"),
(483,"Annable"),
(484,"Annais"),
(485,"Annaple"),
(486,"Annas"),
(487,"Anne"),
(488,"Anneis"),
(489,"Annes"),
(490,"Annestas"),
(491,"Anneyce"),
(492,"Anneys"),
(493,"Anneyse"),
(494,"Annice"),
(495,"Annina"),
(496,"Annis"),
(497,"Annise"),
(498,"Annke"),
(499,"Annor"),
(500,"Annora"),
(501,"Annot"),
(502,"Annys"),
(503,"Anora"),
(504,"Anoz"),
(505,"Ansa"),
(506,"Anselda"),
(507,"Ansere"),
(508,"Ansgard"),
(509,"Ansitruda"),
(510,"Anstes"),
(511,"Anstey"),
(512,"Anstice"),
(513,"Anstis"),
(514,"Anstiss"),
(515,"Anstruda"),
(516,"Antehe"),
(517,"Anteia"),
(518,"Antheia"),
(519,"Anthoinette"),
(520,"Anthousa"),
(521,"Anthusa"),
(522,"Anticleia"),
(523,"Antigone"),
(524,"Antiochis"),
(525,"Antiope"),
(526,"Antipatra"),
(527,"Antje"),
(528,"Antonia"),
(529,"Antxone"),
(530,"Antziasko"),
(531,"Anunciacion"),
(532,"Anyes"),
(533,"Anysia"),
(534,"Anzoy"),
(535,"Apain"),
(536,"Apala"),
(537,"Apeline"),
(538,"Aplin"),
(539,"Apoline"),
(540,"Appa"),
(541,"Applin"),
(542,"Appolina"),
(543,"Appollonia"),
(544,"Apseudes"),
(545,"Araba"),
(546,"Arabella"),
(547,"Arabia"),
(548,"Arable"),
(549,"Aragundia"),
(550,"Araitz"),
(551,"Arama"),
(552,"Arana"),
(553,"Arandon"),
(554,"Arantxa"),
(555,"Arantza"),
(556,"Arantzazu"),
(557,"Aránzazu"),
(558,"Araoz"),
(559,"Arbeiza"),
(560,"Arbekoa"),
(561,"Arbell"),
(562,"Arbella"),
(563,"Arburua"),
(564,"Areagne"),
(565,"Areitio"),
(566,"Areria"),
(567,"Arete"),
(568,"Arethusa"),
(569,"Argeia"),
(570,"Argentea"),
(571,"Argentina"),
(572,"Argi"),
(573,"Argie"),
(574,"Argiloain"),
(575,"Ariadne"),
(576,"Arianna"),
(577,"Arie"),
(578,"Arima"),
(579,"Arisbe"),
(580,"Aristonike"),
(581,"Aristophane"),
(582,"Ariturri"),
(583,"Aritzaga"),
(584,"Aritzeta"),
(585,"Arkija"),
(586,"Arlas"),
(587,"Arlette"),
(588,"Arluzea"),
(589,"Armedaa"),
(590,"Armentaria"),
(591,"Armigil"),
(592,"Armola"),
(593,"Arnaude"),
(594,"Arnotegi"),
(595,"Aroha"),
(596,"Arraitz"),
(597,"Arrako"),
(598,"Arrate"),
(599,"Arrazubi"),
(600,"Arrene"),
(601,"Arreo"),
(602,"Arriaka"),
(603,"Arrieta"),
(604,"Arrigorria"),
(605,"Arriluzea"),
(606,"Arritokieta"),
(607,"Arrixaka"),
(608,"Arrizabalaga"),
(609,"Arrosa"),
(610,"Arsinoe"),
(611,"Artaynta"),
(612,"Artazostra"),
(613,"Artea"),
(614,"Artederreta"),
(615,"Artemidora"),
(616,"Artemisia"),
(617,"Artiga"),
(618,"Artiza"),
(619,"Artizar"),
(620,"Artystone"),
(621,"Artzanegi"),
(622,"Artzeina"),
(623,"Asa"),
(624,"Ascelina"),
(625,"Asceline"),
(626,"Ascelinne"),
(627,"Ascelot"),
(628,"Aschilt"),
(629,"Ascilia"),
(630,"Ashena"),
(631,"Asiturri"),
(632,"Askoa"),
(633,"Aspasia"),
(634,"Asselyna"),
(635,"Assuncion"),
(636,"Astera"),
(637,"Astrid"),
(638,"Astyoche"),
(639,"Astyocheia"),
(640,"Atalanta"),
(641,"Atallo"),
(642,"Atë"),
(643,"Athala"),
(644,"Athanasia"),
(645,"Athela"),
(646,"Athelesia"),
(647,"Atheleys"),
(648,"Athelflead"),
(649,"Athelina"),
(650,"Athelinda"),
(651,"Athelis"),
(652,"Athelisa"),
(653,"Athelisia"),
(654,"Athelyna"),
(655,"Athis"),
(656,"Atilda"),
(657,"Atossa"),
(658,"Atotz"),
(659,"Atsegie"),
(660,"Atxarte"),
(661,"Aua"),
(662,"Auacyn"),
(663,"Auberée"),
(664,"Aubirge"),
(665,"Aubourc"),
(666,"Aubreda"),
(667,"Aubrey"),
(668,"Aude"),
(669,"Audiarda"),
(670,"Audofleda"),
(671,"Audrey"),
(672,"Audry"),
(673,"Audrye"),
(674,"Auekin"),
(675,"Auelin"),
(676,"Auelina"),
(677,"Auelyna"),
(678,"Auge"),
(679,"Augo"),
(680,"Augustina"),
(681,"Auic"),
(682,"Auice"),
(683,"Auicia"),
(684,"Auin"),
(685,"Auina"),
(686,"Auisia"),
(687,"Auizia"),
(688,"Aunflis"),
(689,"Aunphelice"),
(690,"Aurela"),
(691,"Aurelia"),
(692,"Aureliana"),
(693,"Aurelne"),
(694,"Auria"),
(695,"Auriana"),
(696,"Aurildis"),
(697,"Auriol"),
(698,"Auriola"),
(699,"Aurkene"),
(700,"Austie"),
(701,"Austorga"),
(702,"Austrechildis"),
(703,"Autonoe"),
(704,"Auxesia"),
(705,"Ava"),
(706,"Avacyn"),
(707,"Aveis"),
(708,"Avekin"),
(709,"Avelina"),
(710,"Aveline"),
(711,"Avelot"),
(712,"Avelyn"),
(713,"Averell"),
(714,"Averil"),
(715,"Averill"),
(716,"Aveza"),
(717,"Avice"),
(718,"Avicia"),
(719,"Avila"),
(720,"Avilina"),
(721,"Avin"),
(722,"Avina"),
(723,"Avis"),
(724,"Avoca"),
(725,"Avril"),
(726,"Awdrie"),
(727,"Awhina"),
(728,"Axiothea"),
(729,"Axpe"),
(730,"Ayala"),
(731,"Aye"),
(732,"Ayla"),
(733,"Ayled"),
(734,"Ayleth"),
(735,"Aylett"),
(736,"Ayliua"),
(737,"Aylofa"),
(738,"Aylufa"),
(739,"Aylyetta"),
(740,"Ayzebel"),
(741,"Azella"),
(742,"Azitain"),
(743,"Baano"),
(744,"Bab"),
(745,"Babbe"),
(746,"Babcock"),
(747,"Babel"),
(748,"Babesne"),
(749,"Babeth"),
(750,"Babetta"),
(751,"Babitt"),
(752,"Bable"),
(753,"Babs"),
(754,"Badelota"),
(755,"Badia"),
(756,"Baiakua"),
(757,"Bakarne"),
(758,"Bakene"),
(759,"Baldechildis"),
(760,"Balere"),
(761,"Baltelda"),
(762,"Balthechildis"),
(763,"Balthildis"),
(764,"Bar"),
(765,"Barazorda"),
(766,"Barbara"),
(767,"Barbary"),
(768,"Barbata"),
(769,"Barbe"),
(770,"Barber"),
(771,"Barberella"),
(772,"Barberry"),
(773,"Barbery"),
(774,"Barbeta"),
(775,"Barbetta"),
(776,"Barbie"),
(777,"Barbot"),
(778,"Barbota"),
(779,"Barria"),
(780,"Barrika"),
(781,"Barsine"),
(782,"Bartholomette"),
(783,"Bartje"),
(784,"Basaba"),
(785,"Basagaitz"),
(786,"Basalgo"),
(787,"Basandre"),
(788,"Basiane"),
(789,"Basilea"),
(790,"Basilia"),
(791,"Basilie"),
(792,"Basilina"),
(793,"Basill"),
(794,"Basilla"),
(795,"Basille"),
(796,"Basina"),
(797,"Bassilly"),
(798,"Baucis"),
(799,"Baudegundis"),
(800,"Baufte"),
(801,"Bauin"),
(802,"Bauke"),
(803,"Bausanne"),
(804,"Bauteut"),
(805,"Bava"),
(806,"Bavacin"),
(807,"Bavin"),
(808,"Bea"),
(809,"Beat"),
(810,"Beatasis"),
(811,"Beaten"),
(812,"Beatrice"),
(813,"Beatricia"),
(814,"Beatricie"),
(815,"Beatricis"),
(816,"Beatrix"),
(817,"Béatriz"),
(818,"Beattie"),
(819,"Beatty"),
(820,"Beautrice"),
(821,"Bechte"),
(822,"Becke"),
(823,"Becok"),
(824,"Bedaio"),
(825,"Bedeluue"),
(826,"Bee"),
(827,"Begga"),
(828,"Begoa"),
(829,"Begona"),
(830,"Belanda"),
(831,"Belaskita"),
(832,"Belate"),
(833,"Belegardis"),
(834,"Bellisente"),
(835,"Beloke"),
(836,"Beltzane"),
(837,"Bena"),
(838,"Bencelina"),
(839,"Benet"),
(840,"Bengoa"),
(841,"Bengoara"),
(842,"Bengolarrea"),
(843,"Benigna"),
(844,"Bennitt"),
(845,"Benoite"),
(846,"Beraza"),
(847,"Berberana"),
(848,"Berehta"),
(849,"Berenda"),
(850,"Berenga"),
(851,"Berengaria"),
(852,"Bérengère"),
(853,"Berenike"),
(854,"Berezi"),
(855,"Bergard"),
(856,"Bergundis"),
(857,"Berhta"),
(858,"Beriungis"),
(859,"Berna"),
(860,"Bernadette"),
(861,"Bernewief"),
(862,"Bernewif"),
(863,"Berta"),
(864,"Bertaida"),
(865,"Berte"),
(866,"Bertha"),
(867,"Berthildis"),
(868,"Berthlenda"),
(869,"Bertildis"),
(870,"Bertliana"),
(871,"Bertrada"),
(872,"Bertruda"),
(873,"Bertswinda"),
(874,"Berzijana"),
(875,"Bete"),
(876,"Betiko"),
(877,"Betisa"),
(878,"Betje"),
(879,"Betlindis"),
(880,"Beton"),
(881,"Betrice"),
(882,"Betrys"),
(883,"Betryse"),
(884,"Betteresse"),
(885,"Bettin"),
(886,"Bettina"),
(887,"Bettrice"),
(888,"Bettris"),
(889,"Bettrys"),
(890,"Betune"),
(891,"Bianca"),
(892,"Bibie"),
(893,"Bidane"),
(894,"Biddy"),
(895,"Biedeluue"),
(896,"Biétris"),
(897,"Biétrix"),
(898,"Biétriz"),
(899,"Biétron"),
(900,"Bihotz"),
(901,"Bikarregi"),
(902,"Bilda"),
(903,"Bingene"),
(904,"Binhildis"),
(905,"Biolarra"),
(906,"Bioti"),
(907,"Bito"),
(908,"Bittore"),
(909,"Bittori"),
(910,"Bitxi"),
(911,"Bitxilore"),
(912,"Bixenta"),
(913,"Bizkaia"),
(914,"Bizkargi"),
(915,"Blanch"),
(916,"Blanchette"),
(917,"Blanchia"),
(918,"Blaunche"),
(919,"Blench"),
(920,"Blissot"),
(921,"Blitekin"),
(922,"Blitha"),
(923,"Blonde"),
(924,"Bobila"),
(925,"Boime"),
(926,"Boke"),
(927,"Boltiarda"),
(928,"Bonajoia"),
(929,"Bonassias"),
(930,"Bonne"),
(931,"Bonoque"),
(932,"Bore"),
(933,"Boukje"),
(934,"Bova"),
(935,"Boviardis"),
(936,"Bragwayn"),
(937,"Brangwayna"),
(938,"Brangwine"),
(939,"Branwyne"),
(940,"Braya"),
(941,"Brechtje"),
(942,"Bride"),
(943,"Bridget"),
(944,"Brigette"),
(945,"Brigida"),
(946,"Brigit"),
(947,"Brigitta"),
(948,"Brise"),
(949,"Briseis"),
(950,"Brune"),
(951,"Brunehaut"),
(952,"Brunisente"),
(953,"Brunissende"),
(954,"Bryde"),
(955,"Buiondo"),
(956,"Burgondo"),
(957,"Burgundefara"),
(958,"Burtzea"),
(959,"Bytzel"),
(960,"Byzantia"),
(961,"Caenis"),
(962,"Caesaria"),
(963,"Caleope"),
(964,"Calla"),
(965,"Callianeira"),
(966,"Callianessa"),
(967,"Calliphana"),
(968,"Calypso"),
(969,"Camilla"),
(970,"Campana"),
(971,"Canace"),
(972,"Candida"),
(973,"Carmel"),
(974,"Cassander"),
(975,"Cassandre"),
(976,"Cassandry"),
(977,"Casse"),
(978,"Castianiera"),
(979,"Catarine"),
(980,"Catel"),
(981,"Catelin"),
(982,"Cateline"),
(983,"Catella"),
(984,"Catelot"),
(985,"Caterina"),
(986,"Caterine"),
(987,"Catering"),
(988,"Catharine"),
(989,"Catherine"),
(990,"Catherne"),
(991,"Catin"),
(992,"Catlin"),
(993,"Caton"),
(994,"Catrina"),
(995,"Cattern"),
(996,"Cattle"),
(997,"Cecely"),
(998,"Cecelya"),
(999,"Cecelyna"),
(1000,"Cecil"),
(1001,"Cecili"),
(1002,"Cecilia"),
(1003,"Cecilie"),
(1004,"Cecille"),
(1005,"Cecillia"),
(1006,"Cecy"),
(1007,"Ceday"),
(1008,"Celestine"),
(1009,"Celestria"),
(1010,"Celia"),
(1011,"Celina"),
(1012,"Cervella"),
(1013,"Cesarea"),
(1014,"Chantal"),
(1015,"Charis"),
(1016,"Charito"),
(1017,"Charity"),
(1018,"Childebertana"),
(1019,"Chione"),
(1020,"Chiore"),
(1021,"Chloe"),
(1022,"Chloë"),
(1023,"Chloris"),
(1024,"Chlotichhilda"),
(1025,"Chlotsuintha"),
(1026,"Chrisoogone"),
(1027,"Christina"),
(1028,"Chryse"),
(1029,"Chryseida"),
(1030,"Chryseis"),
(1031,"Chrysothemis"),
(1032,"Chuna"),
(1033,"Chunegundis"),
(1034,"Chydleluve"),
(1035,"Cicely"),
(1036,"Cicilia"),
(1037,"Cicily"),
(1038,"Cilia"),
(1039,"Cilissa"),
(1040,"Cilla"),
(1041,"Circe"),
(1042,"Cisse"),
(1043,"Cissie"),
(1044,"Cissota"),
(1045,"Clamancia"),
(1046,"Clara"),
(1047,"Clarae"),
(1048,"Claramunda"),
(1049,"Clarcia"),
(1050,"Clarell"),
(1051,"Claremonde"),
(1052,"Clariandra"),
(1053,"Claribel"),
(1054,"Clarice"),
(1055,"Claricia"),
(1056,"Claricie"),
(1057,"Clarimond"),
(1058,"Clariscia"),
(1059,"Clarissa"),
(1060,"Clarisse"),
(1061,"Claritia"),
(1062,"Clarrie"),
(1063,"Clarry"),
(1064,"Clarugge"),
(1065,"Clemencia"),
(1066,"Clemency"),
(1067,"Clemenicia"),
(1068,"Clemens"),
(1069,"Clementia"),
(1070,"Clementina"),
(1071,"Clementine"),
(1072,"Cler"),
(1073,"Cleremunda"),
(1074,"Clericia"),
(1075,"Climence"),
(1076,"Clio"),
(1077,"Clodauuiua"),
(1078,"Clothild"),
(1079,"Clotrada"),
(1080,"Clymence"),
(1081,"Clymene"),
(1082,"Clymere"),
(1083,"Colecta"),
(1084,"Coleite"),
(1085,"Colet"),
(1086,"Coleta"),
(1087,"Colète"),
(1088,"Colett"),
(1089,"Coletta"),
(1090,"Colina"),
(1091,"Colleite"),
(1092,"Collette"),
(1093,"Colubra"),
(1094,"Columba"),
(1095,"Comito"),
(1096,"Concepcion"),
(1097,"Condors"),
(1098,"Conegont"),
(1099,"Conegundis"),
(1100,"Conegunt"),
(1101,"Consolantia"),
(1102,"Constancia"),
(1103,"Constantia"),
(1104,"Constantina"),
(1105,"Constanza"),
(1106,"Contzel"),
(1107,"Corinne"),
(1108,"Corythia"),
(1109,"Coulombe"),
(1110,"Crapahildis"),
(1111,"Cratais"),
(1112,"Cresseid"),
(1113,"Cressid"),
(1114,"Creusa"),
(1115,"Crisa"),
(1116,"Criseida"),
(1117,"Criseyde"),
(1118,"Cristehildis"),
(1119,"Cristemburga"),
(1120,"Cristemia"),
(1121,"Cristyne"),
(1122,"Ctimene"),
(1123,"Cunegund"),
(1124,"Cunegundis"),
(1125,"Cus"),
(1126,"Cuss"),
(1127,"Cussata"),
(1128,"Cust"),
(1129,"Custa"),
(1130,"Custanc"),
(1131,"Custance"),
(1132,"Custancia"),
(1133,"Custans"),
(1134,"Custe"),
(1135,"Custins"),
(1136,"Cvenild"),
(1137,"Cybele"),
(1138,"Cycalye"),
(1139,"Cycly"),
(1140,"Cydippe"),
(1141,"Cymodoce"),
(1142,"Cymothoe"),
(1143,"Cyneburga"),
(1144,"Cyniburg"),
(1145,"Cyra"),
(1146,"Cyrene"),
(1147,"Cyrilla"),
(1148,"Cythereia"),
(1149,"Cytheris"),
(1150,"Dadin"),
(1151,"Dagarada"),
(1152,"Damaris"),
(1153,"Damaspia"),
(1154,"Dameta"),
(1155,"Dametta"),
(1156,"Damia"),
(1157,"Damiane"),
(1158,"Damisona"),
(1159,"Danaë"),
(1160,"Danburga"),
(1161,"Dania"),
(1162,"Darklis"),
(1163,"dear/beloved"),
(1164,"Decima"),
(1165,"Deianeira"),
(1166,"Deineira"),
(1167,"Deio"),
(1168,"Deiphobe"),
(1169,"Deipyle"),
(1170,"Delias"),
(1171,"Deloys"),
(1172,"Demetria"),
(1173,"Demophile"),
(1174,"Demuth"),
(1175,"Denis"),
(1176,"Dennet"),
(1177,"Denote"),
(1178,"Deonisia"),
(1179,"Deonysia"),
(1180,"Desdemona"),
(1181,"Desiderata"),
(1182,"Desirata"),
(1183,"Destasia"),
(1184,"Dever"),
(1185,"Dexamene"),
(1186,"Diamanda"),
(1187,"Diana"),
(1188,"Dianeme"),
(1189,"Dido"),
(1190,"Didyma"),
(1191,"Diene"),
(1192,"Dilli"),
(1193,"Dillo"),
(1194,"Dinae"),
(1195,"Dinah"),
(1196,"Diomede"),
(1197,"Dione"),
(1198,"Dionis"),
(1199,"Dionisia"),
(1200,"Dionycia"),
(1201,"Dionysia"),
(1202,"Diot"),
(1203,"Diota"),
(1204,"Dirce"),
(1205,"Dirtje"),
(1206,"Disdemona"),
(1207,"Distira"),
(1208,"Doda"),
(1209,"Dodda"),
(1210,"Dodie"),
(1211,"Dodo"),
(1212,"Dolichena"),
(1213,"Doll"),
(1214,"Dolly"),
(1215,"Dolore"),
(1216,"Dolores"),
(1217,"Doltza"),
(1218,"Domeka"),
(1219,"Domentzia"),
(1220,"Dominica"),
(1221,"Dominixe"),
(1222,"Dominy"),
(1223,"Domnica"),
(1224,"Domnola"),
(1225,"Donada"),
(1226,"Donata"),
(1227,"Donetzine"),
(1228,"Doniantsu"),
(1229,"Donianzu"),
(1230,"Donnet"),
(1231,"Dora"),
(1232,"Dorate"),
(1233,"Dorathea"),
(1234,"Dorathia"),
(1235,"Dorcas"),
(1236,"Dorée"),
(1237,"Doreen"),
(1238,"Dorette"),
(1239,"Doria"),
(1240,"Doris"),
(1241,"Dorleta"),
(1242,"Dorothea"),
(1243,"Dorthy"),
(1244,"Dorythye"),
(1245,"Dot"),
(1246,"Dota"),
(1247,"Dothy"),
(1248,"Doto"),
(1249,"Dottie"),
(1250,"Douce"),
(1251,"Doue"),
(1252,"Dousabel"),
(1253,"Dousable"),
(1254,"Douset"),
(1255,"Dousin"),
(1256,"Douze"),
(1257,"Dowsabel"),
(1258,"Dowse"),
(1259,"Dowzable"),
(1260,"Drosis"),
(1261,"Drueta"),
(1262,"Drusilla"),
(1263,"Drypetis"),
(1264,"Duce"),
(1265,"Duda"),
(1266,"Dulanto"),
(1267,"Dulcia"),
(1268,"Dulcibella"),
(1269,"Dulcie"),
(1270,"Dulcinea"),
(1271,"Duleia"),
(1272,"Dunixe"),
(1273,"Durilda"),
(1274,"Dusa"),
(1275,"Dussabel"),
(1276,"Dussabele"),
(1277,"Duszabell"),
(1278,"Duua"),
(1279,"Duva"),
(1280,"Duze"),
(1281,"Dyana"),
(1282,"Dynamene"),
(1283,"Dyonisia"),
(1284,"Dyonisya"),
(1285,"Dyot"),
(1286,"Dyota"),
(1287,"Ead"),
(1288,"Eadburga"),
(1289,"Eadgithu"),
(1290,"Eadgyth"),
(1291,"Eadgytha"),
(1292,"Eadida"),
(1293,"Eadie"),
(1294,"Eadita"),
(1295,"Eadu"),
(1296,"Earthelinda"),
(1297,"Eberhild"),
(1298,"Ebertana"),
(1299,"Eburhild"),
(1300,"Eburhilt"),
(1301,"Eda"),
(1302,"Edan"),
(1303,"Edborough"),
(1304,"Edburga"),
(1305,"Edda"),
(1306,"Edde"),
(1307,"Edden"),
(1308,"Eddiva"),
(1309,"Eddiz"),
(1310,"Eddusa"),
(1311,"Ede"),
(1312,"Edeberga"),
(1313,"Edeborg"),
(1314,"Eded"),
(1315,"Edekin"),
(1316,"Edelin"),
(1317,"Edelina"),
(1318,"Edeline"),
(1319,"Edelinne"),
(1320,"Edelot"),
(1321,"Eden"),
(1322,"Ederne"),
(1323,"Ederra"),
(1324,"Edeua"),
(1325,"Edeva"),
(1326,"Edged"),
(1327,"Edgida"),
(1328,"Edgidia"),
(1329,"Edgyth"),
(1330,"Edgyue"),
(1331,"Edhida"),
(1332,"Edhiva"),
(1333,"Edid"),
(1334,"Edied"),
(1335,"Ediet"),
(1336,"Edihe"),
(1337,"Edila"),
(1338,"Edine"),
(1339,"Edit"),
(1340,"Editha"),
(1341,"Edithe"),
(1342,"Ediua"),
(1343,"Ediva"),
(1344,"Ediz"),
(1345,"Edney"),
(1346,"Edolina"),
(1347,"Edon"),
(1348,"Edonea"),
(1349,"Edony"),
(1350,"Edume"),
(1351,"Edurne"),
(1352,"Edurtzeta"),
(1353,"Edus"),
(1354,"Edy"),
(1355,"Edytha"),
(1356,"Edyva"),
(1357,"Effam"),
(1358,"Effemy"),
(1359,"Effie"),
(1360,"Effim"),
(1361,"Effum"),
(1362,"Eflead"),
(1363,"Ega"),
(1364,"Egecin"),
(1365,"Egelina"),
(1366,"Egeluuara"),
(1367,"Egeria"),
(1368,"Egesburga"),
(1369,"Egesloga"),
(1370,"Egiarte"),
(1371,"Egilior"),
(1372,"Egina"),
(1373,"Eglantine"),
(1374,"Eglentina"),
(1375,"Eglentine"),
(1376,"Eguene"),
(1377,"Eguzki"),
(1378,"Eguzkie"),
(1379,"Ehgelhild"),
(1380,"Ehgeluuara"),
(1381,"Eider"),
(1382,"Eidita"),
(1383,"Eidothee"),
(1384,"Eilaria"),
(1385,"Eileithyia"),
(1386,"Eileua"),
(1387,"Eileue"),
(1388,"Eileve"),
(1389,"Eilieue"),
(1390,"Eimde"),
(1391,"Ejte"),
(1392,"Ekhie"),
(1393,"Ela"),
(1394,"Elaia"),
(1395,"Elaine"),
(1396,"Elaisse"),
(1397,"Elana"),
(1398,"Elaria"),
(1399,"Elayne"),
(1400,"Elcmene"),
(1401,"Eldid"),
(1402,"Eldit"),
(1403,"Elduara"),
(1404,"Eleanora"),
(1405,"Electra"),
(1406,"Elen"),
(1407,"Elena"),
(1408,"Elene"),
(1409,"Eleua"),
(1410,"Elewisa"),
(1411,"Elewys"),
(1412,"Eleyn"),
(1413,"Eleyne"),
(1414,"Elfgifu"),
(1415,"Elflet"),
(1416,"Elfleta"),
(1417,"Elfred"),
(1418,"Elfrid"),
(1419,"Elfrida"),
(1420,"Elftrudis"),
(1421,"Elgiva"),
(1422,"Elia"),
(1423,"Elianor"),
(1424,"Elianora"),
(1425,"Elicia"),
(1426,"Elin"),
(1427,"Elinor"),
(1428,"Elinora"),
(1429,"Elisabete"),
(1430,"Elison"),
(1431,"Elisot"),
(1432,"Elisota"),
(1433,"Elixabete"),
(1434,"Elixane"),
(1435,"Elizabeth"),
(1436,"Elizamendi"),
(1437,"Elizmendi"),
(1438,"Elkano"),
(1439,"Ella"),
(1440,"Ellaire"),
(1441,"Ellen"),
(1442,"Ellene"),
(1443,"Ellenor"),
(1444,"Ellerete"),
(1445,"Ellice"),
(1446,"Ellie"),
(1447,"Ellin"),
(1448,"Ellot"),
(1449,"Ellota"),
(1450,"Ellyn"),
(1451,"Elmerich"),
(1452,"Eloisa"),
(1453,"Eloise"),
(1454,"Elorriaga"),
(1455,"Elota"),
(1456,"Elpir"),
(1457,"Else"),
(1458,"Elsebeth"),
(1459,"Elske"),
(1460,"Elueua"),
(1461,"Eluiua"),
(1462,"Eluiue"),
(1463,"Eluned"),
(1464,"Elurreta"),
(1465,"Eluska"),
(1466,"Eluyua"),
(1467,"Elveva"),
(1468,"Elvina"),
(1469,"Elwisia"),
(1470,"Elyenora"),
(1471,"Elyne"),
(1472,"Elysande"),
(1473,"Elysant"),
(1474,"Elyscia"),
(1475,"Ema"),
(1476,"Emayn"),
(1477,"Emblem"),
(1478,"Emblema"),
(1479,"Emblen"),
(1480,"Emblin"),
(1481,"Emblyn"),
(1482,"Emecin"),
(1483,"Emelenine"),
(1484,"Emelin"),
(1485,"Emelina"),
(1486,"Emeline"),
(1487,"Emelisse"),
(1488,"Emelnie"),
(1489,"Emelot"),
(1490,"Emelote"),
(1491,"Emeloth"),
(1492,"Emeludt"),
(1493,"Emelye"),
(1494,"Emelyn"),
(1495,"Emelyne"),
(1496,"Emengar"),
(1497,"Emenjart"),
(1498,"Emeny"),
(1499,"Emeria"),
(1500,"Emerita"),
(1501,"Emerlee"),
(1502,"Emersende"),
(1503,"Emery"),
(1504,"Emilia"),
(1505,"Emlin"),
(1506,"Emlyn"),
(1507,"Emm"),
(1508,"Emma"),
(1509,"Emmanaia"),
(1510,"Emme"),
(1511,"Emmelina"),
(1512,"Emmeline"),
(1513,"Emmet"),
(1514,"Emmete"),
(1515,"Emmony"),
(1516,"Emmot"),
(1517,"Emmota"),
(1518,"Emmote"),
(1519,"Emoni"),
(1520,"Emonie"),
(1521,"Emony"),
(1522,"Emota"),
(1523,"Emulea"),
(1524,"Emy"),
(1525,"Emylyna"),
(1526,"Enara"),
(1527,"Encarnacion"),
(1528,"Endeis"),
(1529,"Endera"),
(1530,"Enea"),
(1531,"Eneka"),
(1532,"Eneritz"),
(1533,"Engelberga"),
(1534,"Engelgard"),
(1535,"Engelsuit"),
(1536,"Engeluuara"),
(1537,"Engelwara"),
(1538,"Engle"),
(1539,"Enmeline"),
(1540,"Enna"),
(1541,"Enota"),
(1542,"Enyo"),
(1543,"Eormengard"),
(1544,"Eormengild"),
(1545,"Eos"),
(1546,"Epham"),
(1547,"Epicaste"),
(1548,"Epicelena"),
(1549,"Epiphania"),
(1550,"Eppie"),
(1551,"Erchantrudis"),
(1552,"Erchembrog"),
(1553,"Erdaie"),
(1554,"Erdie"),
(1555,"Erdoitza"),
(1556,"Erdotza"),
(1557,"Erdoza"),
(1558,"Ereleuva"),
(1559,"Erelieva"),
(1560,"Erembour"),
(1561,"Erembourc"),
(1562,"Eremburgis"),
(1563,"Ereprad"),
(1564,"Erguia"),
(1565,"Eriboea"),
(1566,"Erica"),
(1567,"Eriete"),
(1568,"Erigone"),
(1569,"Erika"),
(1570,"Eriopis"),
(1571,"Eriphyle"),
(1572,"Eris"),
(1573,"Erisenda"),
(1574,"Erkembrog"),
(1575,"Erkenbrog"),
(1576,"Erkenburoc"),
(1577,"Erkenrad"),
(1578,"Erkuden"),
(1579,"Erlea"),
(1580,"Erma"),
(1581,"Ermandrud"),
(1582,"Ermbourg"),
(1583,"Ermecin"),
(1584,"Ermegarde"),
(1585,"Ermegardis"),
(1586,"Ermengard"),
(1587,"Ermengarda"),
(1588,"Ermengarde"),
(1589,"Ermengardis"),
(1590,"Ermengart"),
(1591,"Ermenjart"),
(1592,"Ermentrudis"),
(1593,"Ermessenda"),
(1594,"Ermeswindis"),
(1595,"Ermie"),
(1596,"Ermin"),
(1597,"Ermina"),
(1598,"Ermingard"),
(1599,"Erminia"),
(1600,"Ermisenda"),
(1601,"Ermua"),
(1602,"Ernio"),
(1603,"Erniobe"),
(1604,"Erpsuid"),
(1605,"Erramune"),
(1606,"Erramusa"),
(1607,"Errasti"),
(1608,"Erregina"),
(1609,"Erremulluri"),
(1610,"Errictruda"),
(1611,"Errita"),
(1612,"Erromane"),
(1613,"Errosali"),
(1614,"Erroz"),
(1615,"Errukine"),
(1616,"Erta"),
(1617,"Esa"),
(1618,"Eschina"),
(1619,"Eschiva"),
(1620,"Esclairmonde"),
(1621,"Esclamonde"),
(1622,"Esclarmonde"),
(1623,"Esdeline"),
(1624,"Eskarne"),
(1625,"Eskolunbe"),
(1626,"Esozi"),
(1627,"Esperte"),
(1628,"Espoz"),
(1629,"Esquiva"),
(1630,"Essylt"),
(1631,"Estebeni"),
(1632,"Estibalitz"),
(1633,"Estibaliz"),
(1634,"Estienne"),
(1635,"Estrangia"),
(1636,"Estrelda"),
(1637,"Estrilda"),
(1638,"Estrildis"),
(1639,"Estrill"),
(1640,"Estrilld"),
(1641,"Etfled"),
(1642,"Ethel"),
(1643,"Ethelchif"),
(1644,"Etheldred"),
(1645,"Etheldritha"),
(1646,"Ethelenda"),
(1647,"Ethelgard"),
(1648,"Ethelgarda"),
(1649,"Ethelia"),
(1650,"Etorne"),
(1651,"Etxano"),
(1652,"Etxauarren"),
(1653,"Eucarpia"),
(1654,"Eudeline"),
(1655,"Eudocia"),
(1656,"Eudokia"),
(1657,"Eudoxia"),
(1658,"Eue"),
(1659,"Euerloga"),
(1660,"Eufamie"),
(1661,"Eufemia"),
(1662,"Eufemie"),
(1663,"Eufemma"),
(1664,"Eufemme"),
(1665,"Eufemmia"),
(1666,"Eufiama"),
(1667,"Eufrata"),
(1668,"Eugenia"),
(1669,"Eulari"),
(1670,"Eularia"),
(1671,"Eunate"),
(1672,"Eunice"),
(1673,"Eunisia"),
(1674,"Euodias"),
(1675,"Eupham"),
(1676,"Euphame"),
(1677,"Eupheme"),
(1678,"Euphemia"),
(1679,"Euphrasia"),
(1680,"Euphro"),
(1681,"Euphrosyne"),
(1682,"Euria"),
(1683,"Eurildis"),
(1684,"Eurohildis"),
(1685,"Europa"),
(1686,"Eurycleia"),
(1687,"Eurydike"),
(1688,"Eurynome"),
(1689,"Eusa"),
(1690,"Eusebia"),
(1691,"Eustachia"),
(1692,"Eustacia"),
(1693,"Evadne"),
(1694,"Evantia"),
(1695,"Evelina"),
(1696,"Evelyn"),
(1697,"Evemy"),
(1698,"Everelda"),
(1699,"Evereldis"),
(1700,"Everild"),
(1701,"Everilda"),
(1702,"Everildis"),
(1703,"Everill"),
(1704,"Evfemia"),
(1705,"Ewfame"),
(1706,"Extranea"),
(1707,"Ezkurra"),
(1708,"Ezozia"),
(1709,"Eztegune"),
(1710,"Fabia"),
(1711,"Fabiana"),
(1712,"Fabiola"),
(1713,"Fabrisse"),
(1714,"Fara"),
(1715,"Farahilda"),
(1716,"Fastrada"),
(1717,"Fede"),
(1718,"Feentje"),
(1719,"Feike"),
(1720,"Felica"),
(1721,"Felice"),
(1722,"Felicia"),
(1723,"Felis"),
(1724,"Felise"),
(1725,"Felisia"),
(1726,"Femmota"),
(1727,"Fermina"),
(1728,"Fieke"),
(1729,"Filisia"),
(1730,"Fillida"),
(1731,"Fillon"),
(1732,"Fillys"),
(1733,"Fina"),
(1734,"Finepopla"),
(1735,"Flavia"),
(1736,"Fleurie"),
(1737,"Flo"),
(1738,"Flora"),
(1739,"Flore"),
(1740,"Florence"),
(1741,"Florencia"),
(1742,"Florentia"),
(1743,"Florentxi"),
(1744,"Floria"),
(1745,"Florie"),
(1746,"Florina"),
(1747,"Florion"),
(1748,"Florymonde"),
(1749,"Floss"),
(1750,"Flossie"),
(1751,"Flouerana"),
(1752,"Flour"),
(1753,"Flourie"),
(1754,"Flur"),
(1755,"Flurekin"),
(1756,"Fluri"),
(1757,"Focktje"),
(1758,"Folclind"),
(1759,"Folclinda"),
(1760,"Folcrada"),
(1761,"Folcuuara"),
(1762,"Folgarda"),
(1763,"Folsuindis"),
(1764,"Folsuuendis"),
(1765,"Fordola"),
(1766,"Fortlifh"),
(1767,"Fortunata"),
(1768,"Fousafia"),
(1769,"Foy"),
(1770,"Francesca"),
(1771,"Francesse"),
(1772,"Francis"),
(1773,"Franqueite"),
(1774,"Frantsesa"),
(1775,"Frantxa"),
(1776,"Frantziska"),
(1777,"Frauuara"),
(1778,"Freadeyweed"),
(1779,"Fredeburgis"),
(1780,"Fredegonde"),
(1781,"Frederada"),
(1782,"Fredeuuara"),
(1783,"Frediswitha"),
(1784,"Frethegard"),
(1785,"Frethesuinda"),
(1786,"Frethesuindis"),
(1787,"Fridayweed"),
(1788,"Fridegundis"),
(1789,"Fridesuenda"),
(1790,"Frideswid"),
(1791,"Fridewiga"),
(1792,"Fridiswed"),
(1793,"Fridiswid"),
(1794,"Fridswed"),
(1795,"Frisburgis"),
(1796,"Frithelinda"),
(1797,"Frithswith"),
(1798,"Frouuin"),
(1799,"Frouuina"),
(1800,"Fruitutsu"),
(1801,"Fryswyde"),
(1802,"Fye"),
(1803,"Gaatha"),
(1804,"Gabone"),
(1805,"Gabrielia"),
(1806,"Gace"),
(1807,"Gadea"),
(1808,"Gaenor"),
(1809,"Gailan"),
(1810,"Gailana"),
(1811,"Gaillarde"),
(1812,"Gainko"),
(1813,"Galatea"),
(1814,"Galiene"),
(1815,"Galienne"),
(1816,"Ganleya"),
(1817,"Ganor"),
(1818,"Garaie"),
(1819,"Garaitz"),
(1820,"Garazi"),
(1821,"Garbi"),
(1822,"Garbie"),
(1823,"Garbikunde"),
(1824,"Garbine"),
(1825,"Garden"),
(1826,"Gardotza"),
(1827,"Garoa"),
(1828,"Garralda"),
(1829,"Garrastazu"),
(1830,"Garthrite"),
(1831,"Gartrett"),
(1832,"Gartrite"),
(1833,"Gartrude"),
(1834,"Gartzene"),
(1835,"Gatty"),
(1836,"Gatzarieta"),
(1837,"Gaude"),
(1838,"Gaunlaya"),
(1839,"Gaunliena"),
(1840,"Gauzia"),
(1841,"Gaxi"),
(1842,"Gaxuxa"),
(1843,"Gaynore"),
(1844,"Gazelu"),
(1845,"Gazeta"),
(1846,"Gaztain"),
(1847,"Geaxi"),
(1848,"Gebke"),
(1849,"Geelte"),
(1850,"Geerta"),
(1851,"Geertje"),
(1852,"Geertke"),
(1853,"Geila"),
(1854,"Gelduuara"),
(1855,"Gele"),
(1856,"Gelen"),
(1857,"Gelleia"),
(1858,"Gemma"),
(1859,"Geneva"),
(1860,"Genevieve"),
(1861,"Genofeva"),
(1862,"Gentile"),
(1863,"Gentzane"),
(1864,"Georgia"),
(1865,"Geraxane"),
(1866,"Gerbaga"),
(1867,"Gerberga"),
(1868,"Gerburg"),
(1869,"Geredrudis"),
(1870,"Geretrudis"),
(1871,"Gerharde"),
(1872,"Gerhild"),
(1873,"Gerlent"),
(1874,"Gerlinda"),
(1875,"Germainne"),
(1876,"Germana"),
(1877,"Geroa"),
(1878,"Gersenda"),
(1879,"Gersendis"),
(1880,"Gersuenda"),
(1881,"Gersuinda"),
(1882,"Gersvinda"),
(1883,"Gert"),
(1884,"Gertie"),
(1885,"Gertje"),
(1886,"Gertrud"),
(1887,"Gertruda"),
(1888,"Gertrudis"),
(1889,"Gerty"),
(1890,"Geruuara"),
(1891,"Gesa"),
(1892,"Geske"),
(1893,"Gethrude"),
(1894,"Geua"),
(1895,"Geue"),
(1896,"Geuecok"),
(1897,"Geva"),
(1898,"Gileite"),
(1899,"Gilète"),
(1900,"Gilia"),
(1901,"Giliana"),
(1902,"Giliane"),
(1903,"Gill"),
(1904,"Gille"),
(1905,"Gilleis"),
(1906,"Gilleite"),
(1907,"Gillian"),
(1908,"Gillie"),
(1909,"Gillot"),
(1910,"Gillota"),
(1911,"Gilly"),
(1912,"Ginnade"),
(1913,"Giona"),
(1914,"Gipuzkoa"),
(1915,"Giraude"),
(1916,"Gisela"),
(1917,"Gisella"),
(1918,"Giselle"),
(1919,"Gisellee"),
(1920,"Gisila"),
(1921,"Gisla"),
(1922,"Gismon"),
(1923,"Giso"),
(1924,"Gixane"),
(1925,"Gladuse"),
(1926,"Glauce"),
(1927,"Glismoda"),
(1928,"Glismodis"),
(1929,"Glyke"),
(1930,"Godalinda"),
(1931,"Godeca"),
(1932,"Godecin"),
(1933,"Godefe"),
(1934,"Godelda"),
(1935,"Godeleve"),
(1936,"Godelif"),
(1937,"Godelinda"),
(1938,"Godeliva"),
(1939,"Godelive"),
(1940,"Godeue"),
(1941,"Godeva"),
(1942,"Godgeua"),
(1943,"Godgiua"),
(1944,"Godgiva"),
(1945,"Godid"),
(1946,"Godildis"),
(1947,"Godise"),
(1948,"Godit"),
(1949,"Goditha"),
(1950,"Godiuia"),
(1951,"Godleue"),
(1952,"Godleva"),
(1953,"Goduia"),
(1954,"Godusa"),
(1955,"Goduse"),
(1956,"Goduuara"),
(1957,"Godyf"),
(1958,"Goiatz"),
(1959,"Goikiria"),
(1960,"Goikoana"),
(1961,"Goiuria"),
(1962,"Goizane"),
(1963,"Goizargi"),
(1964,"Goldeheve"),
(1965,"Goldgeofu"),
(1966,"Goldgeve"),
(1967,"Goldhuie"),
(1968,"Goldyeua"),
(1969,"Goldyeue"),
(1970,"Goldyva"),
(1971,"Goldyve"),
(1972,"Golla"),
(1973,"Gonilda"),
(1974,"Gonnild"),
(1975,"Gonnilda"),
(1976,"Gonnora"),
(1977,"Gonora"),
(1978,"Gonore"),
(1979,"Goodeth"),
(1980,"Goodeve"),
(1981,"Goodife"),
(1982,"Gorane"),
(1983,"Goratze"),
(1984,"Gordia"),
(1985,"Gordiana"),
(1986,"Gorgo"),
(1987,"Gorostitza"),
(1988,"Gorria"),
(1989,"Gorritiz"),
(1990,"Gorriza"),
(1991,"Gothuuera"),
(1992,"Goto"),
(1993,"Gotzone"),
(1994,"Gozo"),
(1995,"Grace"),
(1996,"Gracia"),
(1997,"Gracye"),
(1998,"Graeca"),
(1999,"Gratianne"),
(2000,"Graxi"),
(2001,"Grazide"),
(2002,"Grece"),
(2003,"Grecia"),
(2004,"Grecie"),
(2005,"Grede"),
(2006,"Gredechin"),
(2007,"Gregoria"),
(2008,"Gresilda"),
(2009,"Greta"),
(2010,"Grete"),
(2011,"Gretje"),
(2012,"Gricia"),
(2013,"Grietje"),
(2014,"Grimuuara"),
(2015,"Grisegond"),
(2016,"Grisel"),
(2017,"Griseldis"),
(2018,"Grishild"),
(2019,"Grisigion"),
(2020,"Grisogonia"),
(2021,"Grissall"),
(2022,"Grissecon"),
(2023,"Grissel"),
(2024,"Grissell"),
(2025,"Grizel"),
(2026,"Grizzel"),
(2027,"Guanor"),
(2028,"Guda"),
(2029,"Gude"),
(2030,"Gudeliva"),
(2031,"Gudula"),
(2032,"Gudule"),
(2033,"Gudytha"),
(2034,"Gueanor"),
(2035,"Guener"),
(2036,"Guenevere"),
(2037,"Guiborc"),
(2038,"Guibourc"),
(2039,"Guillemete"),
(2040,"Guillemette"),
(2041,"Guillote"),
(2042,"Guiote"),
(2043,"Gumhild"),
(2044,"Gundesvinda"),
(2045,"Gundichild"),
(2046,"Gundiperga"),
(2047,"Gundrada"),
(2048,"Gundrea"),
(2049,"Gunel"),
(2050,"Gunild"),
(2051,"Gunilda"),
(2052,"Gunne"),
(2053,"Gunnell"),
(2054,"Gunneuare"),
(2055,"Gunnild"),
(2056,"Gunnilda"),
(2057,"Gunnilde"),
(2058,"Gunnildes"),
(2059,"Gunnilla"),
(2060,"Gunnilt"),
(2061,"Gunnora"),
(2062,"Gunnore"),
(2063,"Gunnota"),
(2064,"Gunnote"),
(2065,"Gunora"),
(2066,"Gunwar"),
(2067,"Gunware"),
(2068,"Guodhelda"),
(2069,"Guodlia"),
(2070,"Gure"),
(2071,"Gurutze"),
(2072,"Gurutzeta"),
(2073,"Guruzne"),
(2074,"Gwenhevare"),
(2075,"Gwenore"),
(2076,"Gyel"),
(2077,"Gygaea"),
(2078,"Gylle"),
(2079,"Gyly"),
(2080,"Gynuara"),
(2081,"Gyszel"),
(2082,"Hadaken"),
(2083,"Hadewidis"),
(2084,"Hadwis"),
(2085,"Hadwisa"),
(2086,"Hadwise"),
(2087,"Haidee"),
(2088,"Haize"),
(2089,"Halie"),
(2090,"Hana"),
(2091,"Hanneli"),
(2092,"Hanni"),
(2093,"Haouys"),
(2094,"Haoys"),
(2095,"Harbona"),
(2096,"Harmke"),
(2097,"Harmodias"),
(2098,"Harmonia"),
(2099,"Harriet"),
(2100,"Harsent"),
(2101,"Harwara"),
(2102,"Haueis"),
(2103,"Haurramari"),
(2104,"Haute"),
(2105,"Havisa"),
(2106,"Hawis"),
(2107,"Hawisa"),
(2108,"Hawise"),
(2109,"Hawisia"),
(2110,"Hawys"),
(2111,"Hawyse"),
(2112,"Hazeca"),
(2113,"Hecuba"),
(2114,"Hedewigis"),
(2115,"Hedheue"),
(2116,"Hegazti"),
(2117,"Hegelina"),
(2118,"Heidi"),
(2119,"Heidindrudis"),
(2120,"Heilewif"),
(2121,"Heilewis"),
(2122,"Heilewisa"),
(2123,"Heilswinda"),
(2124,"Hekabe"),
(2125,"Hekaline"),
(2126,"Hekate"),
(2127,"Helchen"),
(2128,"Heldeburga"),
(2129,"Hele"),
(2130,"Heleanor"),
(2131,"Helena"),
(2132,"Helene"),
(2133,"Heletradana"),
(2134,"Heleuuidis"),
(2135,"Helevisa"),
(2136,"Helewidis"),
(2137,"Helewis"),
(2138,"Helewisa"),
(2139,"Helewise"),
(2140,"Helewys"),
(2141,"Helewyse"),
(2142,"Heleyne"),
(2143,"Helga"),
(2144,"Helice"),
(2145,"Helike"),
(2146,"Helinda"),
(2147,"Heliodora"),
(2148,"Helis"),
(2149,"Helisende"),
(2150,"Helisent"),
(2151,"Helissent"),
(2152,"Helissente"),
(2153,"Hellanike"),
(2154,"Helle"),
(2155,"Helmech"),
(2156,"Helmet"),
(2157,"Helmeth"),
(2158,"Heloise"),
(2159,"Helouys"),
(2160,"Heloys"),
(2161,"Heloyson"),
(2162,"Heltrada"),
(2163,"Helueua"),
(2164,"Helvynya"),
(2165,"Helysoune"),
(2166,"Helyssent"),
(2167,"Hema"),
(2168,"Hemin"),
(2169,"Hemke"),
(2170,"Hengelsenda"),
(2171,"Heni"),
(2172,"Herden"),
(2173,"Herdin"),
(2174,"Herena"),
(2175,"Herenborg"),
(2176,"Herenfrida"),
(2177,"Herleva"),
(2178,"Herleve"),
(2179,"Herlinda"),
(2180,"Herlindis"),
(2181,"Hermana"),
(2182,"Hermelinda"),
(2183,"Hermengarda"),
(2184,"Hermengart"),
(2185,"Hermenjart"),
(2186,"Hermesent"),
(2187,"Hermessent"),
(2188,"Hermine"),
(2189,"Hermineite"),
(2190,"Hermione"),
(2191,"Herophile"),
(2192,"Hersent"),
(2193,"Hesione"),
(2194,"Hesse"),
(2195,"Hesychia"),
(2196,"Hette"),
(2197,"Hextilda"),
(2198,"Hiart"),
(2199,"Hida"),
(2200,"Hiemke"),
(2201,"Hientje"),
(2202,"Hilaera"),
(2203,"Hilargi"),
(2204,"Hildberta"),
(2205,"Hildborg"),
(2206,"Hildcardis"),
(2207,"Hilde"),
(2208,"Hildeberga"),
(2209,"Hildeburg"),
(2210,"Hildeburgis"),
(2211,"Hildegard"),
(2212,"Hildegarde"),
(2213,"Hildegardis"),
(2214,"Hildegund"),
(2215,"Hildelana"),
(2216,"Hildemunda"),
(2217,"Hildeswindis"),
(2218,"Hildeth"),
(2219,"Hildeuuara"),
(2220,"Hildeuuif"),
(2221,"Hildewara"),
(2222,"Hildewif"),
(2223,"Hildeyerd"),
(2224,"Hildiard"),
(2225,"Hilditha"),
(2226,"Hildithe"),
(2227,"Hildrada"),
(2228,"Hildwara"),
(2229,"Hildyard"),
(2230,"Hiliard"),
(2231,"Hilith"),
(2232,"Hilka"),
(2233,"Hilke"),
(2234,"Hillaria"),
(2235,"Hillda"),
(2236,"Hille"),
(2237,"Hiltrude"),
(2238,"Hinauri"),
(2239,"Hine"),
(2240,"Hinemoa"),
(2241,"Hinte"),
(2242,"Hippodameia"),
(2243,"Hippodamia"),
(2244,"Hippolyta"),
(2245,"Hira"),
(2246,"Hirmenlind"),
(2247,"Hismena"),
(2248,"Hodiern"),
(2249,"Hodierna"),
(2250,"Hodierne"),
(2251,"Hoki"),
(2252,"Honnor"),
(2253,"Honor"),
(2254,"Honorata"),
(2255,"Honorée"),
(2256,"Honorète"),
(2257,"Honoria"),
(2258,"Honors"),
(2259,"Horenga"),
(2260,"Hostaruuara"),
(2261,"Houdée"),
(2262,"Hruodgarda"),
(2263,"Hruotberta"),
(2264,"Hua"),
(2265,"Hugolinae"),
(2266,"Hugone"),
(2267,"Huguete"),
(2268,"Huguette"),
(2269,"Hunila"),
(2270,"Hursell"),
(2271,"Hutaosa"),
(2272,"Hylda"),
(2273,"Hylde"),
(2274,"Hyldeiard"),
(2275,"Hyolent"),
(2276,"Hypsipyle"),
(2277,"Hyrmina"),
(2278,"Hysode"),
(2279,"Hyssmaye"),
(2280,"Iaera"),
(2281,"Iaione"),
(2282,"Ianeira"),
(2283,"Ianessa"),
(2284,"Ianthe"),
(2285,"Ianuaria"),
(2286,"Ibabe"),
(2287,"Ibane"),
(2288,"Ibernalo"),
(2289,"Ibone"),
(2290,"Ida"),
(2291,"Idasgarda"),
(2292,"Ide"),
(2293,"Idemay"),
(2294,"Ideny"),
(2295,"Ideslef"),
(2296,"Idesuuif"),
(2297,"Ideswif"),
(2298,"Idisiardis"),
(2299,"Idoia"),
(2300,"Idoibaltzaga"),
(2301,"Idone"),
(2302,"Idonia"),
(2303,"Idony"),
(2304,"Idurre"),
(2305,"Iera"),
(2306,"Igaratza"),
(2307,"Igone"),
(2308,"Igotz"),
(2309,"Ihintza"),
(2310,"Ikerne"),
(2311,"Ikomar"),
(2312,"Ikuska"),
(2313,"Ilaria"),
(2314,"Ilazkie"),
(2315,"Ilene"),
(2316,"Ilia"),
(2317,"Iligardia"),
(2318,"Illaria"),
(2319,"Iloz"),
(2320,"Imagantia"),
(2321,"Imaigne"),
(2322,"Imania"),
(2323,"Imanie"),
(2324,"Imayn"),
(2325,"Imayne"),
(2326,"Imblen"),
(2327,"Imedia"),
(2328,"Imelda"),
(2329,"Imeyna"),
(2330,"Imicina"),
(2331,"Imma"),
(2332,"Imme"),
(2333,"Immine"),
(2334,"Imte"),
(2335,"Imyne"),
(2336,"Infe"),
(2337,"Ingaret"),
(2338,"Ingaretta"),
(2339,"Ingela"),
(2340,"Ingelswindis"),
(2341,"Ingeltrude"),
(2342,"Ingeltrudis"),
(2343,"Ingeluuara"),
(2344,"Ingelwara"),
(2345,"Ingerith"),
(2346,"Ingrede"),
(2347,"Inmaculada"),
(2348,"Ino"),
(2349,"Ioar"),
(2350,"Iodberta"),
(2351,"Iola"),
(2352,"Iolanthe"),
(2353,"Iole"),
(2354,"Iolitha"),
(2355,"Iomene"),
(2356,"Ione"),
(2357,"Ionna"),
(2358,"Ionnia"),
(2359,"Ionnina"),
(2360,"Iphianassa"),
(2361,"Iphigenia"),
(2362,"Iphimedeia"),
(2363,"Iphis"),
(2364,"Iphitheme"),
(2365,"Ipuza"),
(2366,"Iragarte"),
(2367,"Iraia"),
(2368,"Irakusne"),
(2369,"Irantzu"),
(2370,"Irati"),
(2371,"Iratxe"),
(2372,"Irene"),
(2373,"Iriberri"),
(2374,"Iride"),
(2375,"Irihapeti"),
(2376,"Iris"),
(2377,"Iristain"),
(2378,"Iriuela"),
(2379,"Irmele"),
(2380,"Irmengard"),
(2381,"Irmenhild"),
(2382,"Irmenlind"),
(2383,"Irua"),
(2384,"Irune"),
(2385,"Iruri"),
(2386,"Irutxeta"),
(2387,"Isa"),
(2388,"Isadora"),
(2389,"Isamaya"),
(2390,"Isard"),
(2391,"Isasi"),
(2392,"Isata"),
(2393,"Isaut"),
(2394,"Isburch"),
(2395,"Iseldis"),
(2396,"Iselota"),
(2397,"Isemay"),
(2398,"Isemeine"),
(2399,"Iseuda"),
(2400,"Iseult"),
(2401,"Iseut"),
(2402,"Ismanna"),
(2403,"Ismeina"),
(2404,"Ismena"),
(2405,"Ismene"),
(2406,"Ismenia"),
(2407,"Ismey"),
(2408,"Isold"),
(2409,"Isolde"),
(2410,"Isolt"),
(2411,"Isot"),
(2412,"Isota"),
(2413,"Isott"),
(2414,"Isotta"),
(2415,"Isouda"),
(2416,"Issa"),
(2417,"Issat"),
(2418,"Isurieta"),
(2419,"Isylte"),
(2420,"Italia"),
(2421,"Italica"),
(2422,"Itoiz"),
(2423,"Itsasne"),
(2424,"Itsaso"),
(2425,"Iturrieta"),
(2426,"Iturrisantu"),
(2427,"Itxaro"),
(2428,"Itxaso"),
(2429,"Itzal"),
(2430,"Itzia"),
(2431,"Itziar"),
(2432,"Iuetta"),
(2433,"Iuette"),
(2434,"Iuliana"),
(2435,"Iuotte"),
(2436,"Iurre"),
(2437,"Iustina"),
(2438,"Ivetta"),
(2439,"Ivette"),
(2440,"Ixone"),
(2441,"Izaga"),
(2442,"Izar"),
(2443,"Izaro"),
(2444,"Izaskun"),
(2445,"Izazkun"),
(2446,"Izett"),
(2447,"Izorne"),
(2448,"Izot"),
(2449,"Jacotte"),
(2450,"Jaione"),
(2451,"Jantje"),
(2452,"Jasone"),
(2453,"Jauregi"),
(2454,"Jehanne"),
(2455,"Jeike"),
(2456,"Jeliana"),
(2457,"Jellfte"),
(2458,"Jelyan"),
(2459,"Jenefer"),
(2460,"Jeneuer"),
(2461,"Jenningtje"),
(2462,"Jeromia"),
(2463,"Jervaise"),
(2464,"Jesmaine"),
(2465,"Jesmond"),
(2466,"Jessamine"),
(2467,"Jessimond"),
(2468,"Jesusa"),
(2469,"Jezebel"),
(2470,"Jilfte"),
(2471,"Jill"),
(2472,"Jismond"),
(2473,"Jivete"),
(2474,"Joana"),
(2475,"Joanna"),
(2476,"Jocasta"),
(2477,"Jocea"),
(2478,"Jocey"),
(2479,"Jocosa"),
(2480,"Jodoca"),
(2481,"Johi"),
(2482,"Joia"),
(2483,"Joie"),
(2484,"Joiha"),
(2485,"Jokie"),
(2486,"Joleicia"),
(2487,"Jolenta"),
(2488,"Jolicia"),
(2489,"Jone"),
(2490,"Jordan"),
(2491,"Josebe"),
(2492,"Josephine"),
(2493,"Josiane"),
(2494,"Josina"),
(2495,"Josse"),
(2496,"Jossy"),
(2497,"Josune"),
(2498,"Jourdenete"),
(2499,"Joveta"),
(2500,"Joxepa"),
(2501,"Joya"),
(2502,"Joye"),
(2503,"Joyeuse"),
(2504,"Joyse"),
(2505,"Judda"),
(2506,"Juelina"),
(2507,"Juet"),
(2508,"Juete"),
(2509,"Juetta"),
(2510,"Jugatx"),
(2511,"Juheta"),
(2512,"Juhota"),
(2513,"Juicea"),
(2514,"Juicia"),
(2515,"Julene"),
(2516,"Julian"),
(2517,"Juliana"),
(2518,"Juliane"),
(2519,"Julie"),
(2520,"Julienne"),
(2521,"Juliet"),
(2522,"Juliote"),
(2523,"Julitta"),
(2524,"Julyan"),
(2525,"June"),
(2526,"Jurdana"),
(2527,"Jurre"),
(2528,"Justina"),
(2529,"Juwete"),
(2530,"Juye"),
(2531,"Kaithren"),
(2532,"Kalare"),
(2533,"Kallisto"),
(2534,"Kallixeina"),
(2535,"Kalotte"),
(2536,"Karin"),
(2537,"Karine"),
(2538,"Karitate"),
(2539,"Karmele"),
(2540,"Kassandra"),
(2541,"Kat"),
(2542,"Katalin"),
(2543,"Katana"),
(2544,"Kate"),
(2545,"Katelin"),
(2546,"Katelina"),
(2547,"Kateline"),
(2548,"Katerin"),
(2549,"Katerina"),
(2550,"Katerine"),
(2551,"Katering"),
(2552,"Kateryn"),
(2553,"Kateryna"),
(2554,"Kateryne"),
(2555,"Katharina"),
(2556,"Katharine"),
(2557,"Katherin"),
(2558,"Katherine"),
(2559,"Katherne"),
(2560,"Katheryn"),
(2561,"Katheryne"),
(2562,"Kathren"),
(2563,"Kathrine"),
(2564,"Katina"),
(2565,"Katixa"),
(2566,"Katja"),
(2567,"Katrina"),
(2568,"Katrine"),
(2569,"Katring"),
(2570,"Katryne"),
(2571,"Kattalin"),
(2572,"Katte"),
(2573,"Kea"),
(2574,"Keina"),
(2575,"Kemma"),
(2576,"Kephissa"),
(2577,"Kharmion"),
(2578,"Khlöe"),
(2579,"Khloris"),
(2580,"Kiena"),
(2581,"Kiles"),
(2582,"Kima"),
(2583,"Kimbery"),
(2584,"Kinborough"),
(2585,"Kinburga"),
(2586,"Kineburga"),
(2587,"Kinna"),
(2588,"Kistie"),
(2589,"Kitt"),
(2590,"Kitty"),
(2591,"Kizkitza"),
(2592,"Kizzy"),
(2593,"Kleio"),
(2594,"Kleopatra"),
(2595,"Klymene"),
(2596,"Klytemnestra"),
(2597,"Knellste"),
(2598,"Kodes"),
(2599,"Koldobike"),
(2600,"Kontxesi"),
(2601,"Kontzeziona"),
(2602,"Kordel"),
(2603,"Kordula"),
(2604,"Koré"),
(2605,"Koritto"),
(2606,"Koru"),
(2607,"Krabelin"),
(2608,"Kriemhild"),
(2609,"Kungund"),
(2610,"Kuni"),
(2611,"Kupe"),
(2612,"Kupie"),
(2613,"Kydilla"),
(2614,"Kymme"),
(2615,"Kyneburg"),
(2616,"Kynna"),
(2617,"Kynthia"),
(2618,"Kypris"),
(2619,"Kyra"),
(2620,"Kytte"),
(2621,"Labda"),
(2622,"Labinia"),
(2623,"Ladina"),
(2624,"Laetitia"),
(2625,"Lagliua"),
(2626,"Laguia"),
(2627,"Laguntzane"),
(2628,"Laida"),
(2629,"Lais"),
(2630,"Lalage"),
(2631,"Lall"),
(2632,"Lally"),
(2633,"Lamia"),
(2634,"Lamiaran"),
(2635,"Lamindao"),
(2636,"Lamke"),
(2637,"Lampetie"),
(2638,"Lampito"),
(2639,"Landa"),
(2640,"Landburuga"),
(2641,"Landerra"),
(2642,"Landgarda"),
(2643,"Landrada"),
(2644,"Langhuie"),
(2645,"Langiva"),
(2646,"Langlaua"),
(2647,"Langlif"),
(2648,"Lanike"),
(2649,"Lanthildis"),
(2650,"Lantuuara"),
(2651,"Laodameia"),
(2652,"Laodamia"),
(2653,"Laodice"),
(2654,"Laothoe"),
(2655,"Larraintzar"),
(2656,"Larraitz"),
(2657,"Larrara"),
(2658,"Larrauri"),
(2659,"Larraza"),
(2660,"Lasagain"),
(2661,"Lasarte"),
(2662,"Lasthena"),
(2663,"Latona"),
(2664,"Latsari"),
(2665,"Latxe"),
(2666,"Laua"),
(2667,"Laura"),
(2668,"Laurana"),
(2669,"Laurente"),
(2670,"Laurentia"),
(2671,"Laureola"),
(2672,"Lauretia"),
(2673,"Lauretta"),
(2674,"Lavena"),
(2675,"Lavin"),
(2676,"Lavina"),
(2677,"Lebdrudis"),
(2678,"Lece"),
(2679,"Lecelin"),
(2680,"Lecelina"),
(2681,"Lecenta"),
(2682,"Lecia"),
(2683,"Lecie"),
(2684,"Leda"),
(2685,"Leddinga"),
(2686,"Lede"),
(2687,"Lefchild"),
(2688,"Leffeda"),
(2689,"Leffquen"),
(2690,"Lefled"),
(2691,"Lefleda"),
(2692,"Lefquen"),
(2693,"Lefquena"),
(2694,"Lefquene"),
(2695,"Lefquenn"),
(2696,"Lefqwen"),
(2697,"Lefwen"),
(2698,"Lefwenna"),
(2699,"Legarda"),
(2700,"Legarra"),
(2701,"Legendika"),
(2702,"Legundia"),
(2703,"Leioar"),
(2704,"Leire"),
(2705,"Leitz"),
(2706,"Lekaretxe"),
(2707,"Lena"),
(2708,"Leocadia"),
(2709,"Leofwena"),
(2710,"Leogife"),
(2711,"Leolina"),
(2712,"Leonina"),
(2713,"Leontia"),
(2714,"Leorin"),
(2715,"Lerate"),
(2716,"Lerden"),
(2717,"Letasu"),
(2718,"Lete"),
(2719,"Letia"),
(2720,"Letice"),
(2721,"Leticia"),
(2722,"Leto"),
(2723,"Letoys"),
(2724,"Letselina"),
(2725,"Lett"),
(2726,"Lette"),
(2727,"Lettice"),
(2728,"Lettie"),
(2729,"Letty"),
(2730,"Letyce"),
(2731,"Leucothea"),
(2732,"Leucothoë"),
(2733,"Leueiua"),
(2734,"Leuekin"),
(2735,"Leuerun"),
(2736,"Leueua"),
(2737,"Leueue"),
(2738,"Leuieua"),
(2739,"Leuild"),
(2740,"Leuiua"),
(2741,"Leurona"),
(2742,"Leurun"),
(2743,"Leuruna"),
(2744,"Leuuich"),
(2745,"Leveva"),
(2746,"Lewana"),
(2747,"Lewen"),
(2748,"Lewena"),
(2749,"Lexuri"),
(2750,"Lezaeta"),
(2751,"Lezana"),
(2752,"Lezeta"),
(2753,"Lia"),
(2754,"Liana"),
(2755,"Liaueld"),
(2756,"Libourc"),
(2757,"Licia"),
(2758,"Lictina"),
(2759,"Lide"),
(2760,"Lidiardis"),
(2761,"Liecia"),
(2762,"Liedrada"),
(2763,"Liefhun"),
(2764,"Lieftet"),
(2765,"Lientje"),
(2766,"Liepmayt"),
(2767,"Lierni"),
(2768,"Lieste"),
(2769,"Lietgarda"),
(2770,"Lietgardis"),
(2771,"Lietuuif"),
(2772,"Lieuuara"),
(2773,"Liffild"),
(2774,"Lifgarda"),
(2775,"Ligarda"),
(2776,"Lige"),
(2777,"Lili"),
(2778,"Lilura"),
(2779,"Limnoreia"),
(2780,"Lina"),
(2781,"Linda"),
(2782,"Lindi"),
(2783,"Linet"),
(2784,"Linette"),
(2785,"Linnet"),
(2786,"Linniue"),
(2787,"Linota"),
(2788,"Linyeve"),
(2789,"Linyive"),
(2790,"Liobgytha"),
(2791,"Liobsynde"),
(2792,"Liodburga"),
(2793,"Liodgard"),
(2794,"Liodrada"),
(2795,"Lion"),
(2796,"Lioness"),
(2797,"Lirain"),
(2798,"Lisia"),
(2799,"Litburh"),
(2800,"Litgardis"),
(2801,"Litiardis"),
(2802,"Liuete"),
(2803,"Liueua"),
(2804,"Liuilda"),
(2805,"Liuitha"),
(2806,"Liuiua"),
(2807,"Liutgarde"),
(2808,"Livid"),
(2809,"Livith"),
(2810,"Lizarazu"),
(2811,"Lohitzune"),
(2812,"Loinaz"),
(2813,"Lois"),
(2814,"Lootje"),
(2815,"Lopene"),
(2816,"Lora"),
(2817,"Lore"),
(2818,"Lorella"),
(2819,"Lorencete"),
(2820,"Loreta"),
(2821,"Lorete"),
(2822,"Loretta"),
(2823,"Lorie"),
(2824,"Lota"),
(2825,"Louisa"),
(2826,"Louve"),
(2827,"Loverun"),
(2828,"Loza"),
(2829,"Lubias"),
(2830,"Lubje"),
(2831,"Lubke"),
(2832,"Lucardis"),
(2833,"Luce"),
(2834,"Lucete"),
(2835,"Lucette"),
(2836,"Lucey"),
(2837,"Luciana"),
(2838,"Lucie"),
(2839,"Lucina"),
(2840,"Lucque"),
(2841,"Lucy"),
(2842,"Luffechild"),
(2843,"Lugardis"),
(2844,"Luilda"),
(2845,"Luixa"),
(2846,"Lukene"),
(2847,"Lumka"),
(2848,"Lumke"),
(2849,"Luned"),
(2850,"Lunet"),
(2851,"Lunete"),
(2852,"Lur"),
(2853,"Lutisse"),
(2854,"Luuechild"),
(2855,"Lynette"),
(2856,"Lyneue"),
(2857,"Lyonnete"),
(2858,"Lype"),
(2859,"Lyra"),
(2860,"Lyse"),
(2861,"Lyveva"),
(2862,"Maarrieta"),
(2863,"Mab"),
(2864,"Mabbe"),
(2865,"Mabel"),
(2866,"Mabell"),
(2867,"Mabella"),
(2868,"Mabet"),
(2869,"Mabil"),
(2870,"Mabila"),
(2871,"Mabile"),
(2872,"Mabileite"),
(2873,"Mabilete"),
(2874,"Mabiley"),
(2875,"Mabilia"),
(2876,"Mabilie"),
(2877,"Mabill"),
(2878,"Mabilla"),
(2879,"Mabillae"),
(2880,"Mabillia"),
(2881,"Mabin"),
(2882,"Mable"),
(2883,"Mabley"),
(2884,"Mably"),
(2885,"Mabot"),
(2886,"Mabota"),
(2887,"Mabs"),
(2888,"Mabyle"),
(2889,"Macedonia"),
(2890,"Machtildis"),
(2891,"Mactilda"),
(2892,"Mactildis"),
(2893,"Madelgarde"),
(2894,"Madelrada"),
(2895,"Madge"),
(2896,"Madhalberta"),
(2897,"Maeonia"),
(2898,"Maera"),
(2899,"Maerwynn"),
(2900,"Mag"),
(2901,"Mage"),
(2902,"Magg"),
(2903,"Magge"),
(2904,"Maggie"),
(2905,"Maggot"),
(2906,"Maggote"),
(2907,"Maghenyld"),
(2908,"Maghtild"),
(2909,"Magot"),
(2910,"Magota"),
(2911,"Magote"),
(2912,"Magott"),
(2913,"Magthildis"),
(2914,"Magtildis"),
(2915,"Magy"),
(2916,"Mahald"),
(2917,"Mahalt"),
(2918,"Mahats"),
(2919,"Mahaud"),
(2920,"Mahault"),
(2921,"Mahaut"),
(2922,"Mahenyld"),
(2923,"Maheut"),
(2924,"Mahhild"),
(2925,"Mahina"),
(2926,"Mahthild"),
(2927,"Mahthildis"),
(2928,"Maia"),
(2929,"Maialen"),
(2930,"Maiandria"),
(2931,"Maider"),
(2932,"Maike"),
(2933,"Maiken"),
(2934,"Mairangi"),
(2935,"Mairenni"),
(2936,"Maisie"),
(2937,"Maitagarri"),
(2938,"Maitane"),
(2939,"Maite"),
(2940,"Maiteder"),
(2941,"Maitena"),
(2942,"Makatza"),
(2943,"Malasintha"),
(2944,"Malasuintha"),
(2945,"Maldea"),
(2946,"Malen"),
(2947,"Manel"),
(2948,"Maneld"),
(2949,"Mania"),
(2950,"Manild"),
(2951,"Manna"),
(2952,"Mantzia"),
(2953,"Map"),
(2954,"Marabel"),
(2955,"Marama"),
(2956,"Margar"),
(2957,"Margaret"),
(2958,"Margareta"),
(2959,"Margarete"),
(2960,"Margarett"),
(2961,"Margarette"),
(2962,"Margaria"),
(2963,"Margarit"),
(2964,"Margarita"),
(2965,"Margat"),
(2966,"Margeria"),
(2967,"Margerie"),
(2968,"Margerye"),
(2969,"Marget"),
(2970,"Margetta"),
(2971,"Margoret"),
(2972,"Margot"),
(2973,"Margrat"),
(2974,"Margreit"),
(2975,"Margret"),
(2976,"Margriet"),
(2977,"Margue"),
(2978,"Marguerin"),
(2979,"Marguerite"),
(2980,"Margueritte"),
(2981,"Marguerot"),
(2982,"Margyt"),
(2983,"Mari"),
(2984,"Maria"),
(2985,"Mariaka"),
(2986,"Maribella"),
(2987,"Marider"),
(2988,"Marilena"),
(2989,"Mariora"),
(2990,"Mariorie"),
(2991,"Mariory"),
(2992,"Maritxu"),
(2993,"Marjer"),
(2994,"Marjeria"),
(2995,"Marjoria"),
(2996,"Marjorie"),
(2997,"Marjory"),
(2998,"Markaret"),
(2999,"Markuuara"),
(3000,"Marlies"),
(3001,"Maronne"),
(3002,"Marozia"),
(3003,"Marpessa"),
(3004,"Marquise"),
(3005,"Marrory"),
(3006,"Marsilia"),
(3007,"Martha"),
(3008,"Martie"),
(3009,"Martine"),
(3010,"Martixa"),
(3011,"Martxelie"),
(3012,"Mary"),
(3013,"Maryell"),
(3014,"Masawa"),
(3015,"Masticana"),
(3016,"Matasuntha"),
(3017,"Mathe"),
(3018,"Matheld"),
(3019,"Mathena"),
(3020,"Mathila"),
(3021,"Mathild"),
(3022,"Mathildis"),
(3023,"Matild"),
(3024,"Matilde"),
(3025,"Matildis"),
(3026,"Matill"),
(3027,"Matilldis"),
(3028,"Matillis"),
(3029,"Mattie"),
(3030,"Matty"),
(3031,"Matxalen"),
(3032,"Maud"),
(3033,"Maude"),
(3034,"Maughtild"),
(3035,"Mauld"),
(3036,"Maura"),
(3037,"Mauriana"),
(3038,"Maut"),
(3039,"Mautild"),
(3040,"Mawd"),
(3041,"Mawde"),
(3042,"Mawt"),
(3043,"Maxencia"),
(3044,"Maximina"),
(3045,"Maynild"),
(3046,"Maysant"),
(3047,"Maysaunt"),
(3048,"Mazelina"),
(3049,"Meaka"),
(3050,"Mechtild"),
(3051,"Meckil"),
(3052,"Medea"),
(3053,"Medesicaste"),
(3054,"Meemte"),
(3055,"Meg"),
(3056,"Megaera"),
(3057,"Megara"),
(3058,"Megare"),
(3059,"Megaris"),
(3060,"Mege"),
(3061,"Megenberta"),
(3062,"Megendrod"),
(3063,"Megenhelda"),
(3064,"Megenlind"),
(3065,"Megenlioba"),
(3066,"Megensind"),
(3067,"Megensinda"),
(3068,"Megenuuara"),
(3069,"Megethia"),
(3070,"Megge"),
(3071,"Meggot"),
(3072,"Megy"),
(3073,"Mehenilda"),
(3074,"Meifte"),
(3075,"Meinburg"),
(3076,"Meinnelda"),
(3077,"Meinsent"),
(3078,"Meinswindis"),
(3079,"Meisent"),
(3080,"Meite"),
(3081,"Melania"),
(3082,"Melanie"),
(3083,"Melantho"),
(3084,"Meldred"),
(3085,"Melicent"),
(3086,"Melisant"),
(3087,"Melisenda"),
(3088,"Melisent"),
(3089,"Melisentia"),
(3090,"Melissa"),
(3091,"Melissent"),
(3092,"Melita"),
(3093,"Melite"),
(3094,"Melodia"),
(3095,"Melodie"),
(3096,"Melusine"),
(3097,"Menborch"),
(3098,"Mendi"),
(3099,"Mendia"),
(3100,"Mendiete"),
(3101,"Mendigaa"),
(3102,"Menelaia"),
(3103,"Menga"),
(3104,"Mengarde"),
(3105,"Menica"),
(3106,"Menosa"),
(3107,"Mentzia"),
(3108,"Meraud"),
(3109,"Mere"),
(3110,"Merewen"),
(3111,"Merewina"),
(3112,"Merget"),
(3113,"Mergret"),
(3114,"Merhild"),
(3115,"Meriall"),
(3116,"Meriel"),
(3117,"Merilda"),
(3118,"Merope"),
(3119,"Merwenna"),
(3120,"Meryall"),
(3121,"Meryld"),
(3122,"Methdin"),
(3123,"Methild"),
(3124,"Methildis"),
(3125,"Metis"),
(3126,"Metriche"),
(3127,"Metylda"),
(3128,"Michaela"),
(3129,"Michièle"),
(3130,"Mientje"),
(3131,"Mikele"),
(3132,"Milagros"),
(3133,"Milborough"),
(3134,"Milbrer"),
(3135,"Milburegh"),
(3136,"Milburew"),
(3137,"Milburga"),
(3138,"Milburh"),
(3139,"Milbury"),
(3140,"Milcentia"),
(3141,"Mildthryth"),
(3142,"Milesent"),
(3143,"Milessent"),
(3144,"Milia"),
(3145,"Milicent"),
(3146,"Milicenta"),
(3147,"Milisandia"),
(3148,"Milisant"),
(3149,"Milisendis"),
(3150,"Milisent"),
(3151,"Milla"),
(3152,"Mille"),
(3153,"Millesant"),
(3154,"Millesenta"),
(3155,"Milo"),
(3156,"Milto"),
(3157,"Mina"),
(3158,"Minervina"),
(3159,"Miniain"),
(3160,"Minicea"),
(3161,"Minna"),
(3162,"Minnota"),
(3163,"Mique"),
(3164,"Mira"),
(3165,"Mirabell"),
(3166,"Mirabella"),
(3167,"Mirabelle"),
(3168,"Mirabilis"),
(3169,"Mirabillla"),
(3170,"Mirable"),
(3171,"Mirari"),
(3172,"Mirella"),
(3173,"Miren"),
(3174,"Mirentxu"),
(3175,"Miriald"),
(3176,"Miriel"),
(3177,"Miriela"),
(3178,"Mirield"),
(3179,"Mirielda"),
(3180,"Mirielis"),
(3181,"Miriella"),
(3182,"Miriild"),
(3183,"Mirils"),
(3184,"Missa"),
(3185,"Mitri"),
(3186,"Mitxoleta"),
(3187,"Moder"),
(3188,"Moderte"),
(3189,"Modesty"),
(3190,"Moe"),
(3191,"Mog"),
(3192,"Mogg"),
(3193,"Mogge"),
(3194,"Mogota"),
(3195,"Mohaut"),
(3196,"Molara"),
(3197,"Mold"),
(3198,"Molde"),
(3199,"Molora"),
(3200,"Molpadia"),
(3201,"Molt"),
(3202,"Monette"),
(3203,"Monima"),
(3204,"Monime"),
(3205,"Monlora"),
(3206,"Montagne"),
(3207,"Moolde"),
(3208,"Mopp"),
(3209,"Moppe"),
(3210,"Moschia"),
(3211,"Mott"),
(3212,"Motte"),
(3213,"Moude"),
(3214,"Moulde"),
(3215,"Moysant"),
(3216,"Moysent"),
(3217,"Munia"),
(3218,"Muno"),
(3219,"Munondoa"),
(3220,"Muntsaratz"),
(3221,"Murgindueta"),
(3222,"Murie"),
(3223,"Muriel"),
(3224,"Muriele"),
(3225,"Muriella"),
(3226,"Murienne"),
(3227,"Murina"),
(3228,"Muruzabal"),
(3229,"Muskilda"),
(3230,"Muskoa"),
(3231,"Muxika"),
(3232,"Mydrede"),
(3233,"Mykale"),
(3234,"Mylecent"),
(3235,"Mylisant"),
(3236,"Mylla"),
(3237,"Mylle"),
(3238,"Myrine"),
(3239,"Nabarne"),
(3240,"Nabarra"),
(3241,"Nafarroa"),
(3242,"Nagore"),
(3243,"Nahikari"),
(3244,"Naiara"),
(3245,"Nane"),
(3246,"Nantechildis"),
(3247,"Naroa"),
(3248,"Natividad"),
(3249,"Nausicaa"),
(3250,"Nazubal"),
(3251,"Neaera"),
(3252,"Negu"),
(3253,"Nekane"),
(3254,"Nell"),
(3255,"Nellie"),
(3256,"Nelly"),
(3257,"Nemerte"),
(3258,"Nephele"),
(3259,"Nerea"),
(3260,"Nereida"),
(3261,"Nesaea"),
(3262,"Nest"),
(3263,"Nesta"),
(3264,"Ngaio"),
(3265,"Ngawai"),
(3266,"Nicasia"),
(3267,"Nichola"),
(3268,"Nicholaa"),
(3269,"Nichole"),
(3270,"Nicholina"),
(3271,"Nicia"),
(3272,"Nicol"),
(3273,"Nicola"),
(3274,"Nicolaa"),
(3275,"Nicole"),
(3276,"Nicopolis"),
(3277,"Nidlebis"),
(3278,"Niesenn"),
(3279,"Nieves"),
(3280,"Nikaia"),
(3281,"Nikasepolis"),
(3282,"Niko"),
(3283,"Nikole"),
(3284,"Niobe"),
(3285,"Niree"),
(3286,"Noblete"),
(3287,"Nog"),
(3288,"Nogga"),
(3289,"Nogge"),
(3290,"Nonna"),
(3291,"Nora"),
(3292,"Nordrada"),
(3293,"Norma"),
(3294,"Nunile"),
(3295,"Nycaise"),
(3296,"Nyra"),
(3297,"Nyree"),
(3298,"Nyrie"),
(3299,"Nysa"),
(3300,"Ockje"),
(3301,"Oda"),
(3302,"Odala"),
(3303,"Odburga"),
(3304,"Odela"),
(3305,"Odelina"),
(3306,"Odgiva"),
(3307,"Odguda"),
(3308,"Odgudana"),
(3309,"Odiern"),
(3310,"Odierna"),
(3311,"Odierne"),
(3312,"Odila"),
(3313,"Odile"),
(3314,"Odilia"),
(3315,"Odlenda"),
(3316,"Odolina"),
(3317,"Odriana"),
(3318,"Oenone"),
(3319,"Ogiva"),
(3320,"Oianko"),
(3321,"Oiartza"),
(3322,"Oibar"),
(3323,"Oihana"),
(3324,"Oihane"),
(3325,"Oilandoi"),
(3326,"Oinaze"),
(3327,"Oitane"),
(3328,"Oitia"),
(3329,"Oka"),
(3330,"Okon"),
(3331,"Olaia"),
(3332,"Olaiz"),
(3333,"Olalla"),
(3334,"Olar"),
(3335,"Olaria"),
(3336,"Olartia"),
(3337,"Olatz"),
(3338,"Olburgis"),
(3339,"Olga"),
(3340,"Olif"),
(3341,"Oliff"),
(3342,"Olimpias"),
(3343,"Olite"),
(3344,"Oliua"),
(3345,"Olive"),
(3346,"Olivet"),
(3347,"Olivia"),
(3348,"Ollano"),
(3349,"Olleta"),
(3350,"Ollett"),
(3351,"Olligtie"),
(3352,"Oloriz"),
(3353,"Olyff"),
(3354,"Olyffe"),
(3355,"Olympias"),
(3356,"Olyve"),
(3357,"Omphale"),
(3358,"Onditz"),
(3359,"Ondiz"),
(3360,"Oneka"),
(3361,"Onintza"),
(3362,"Onora"),
(3363,"Opakua"),
(3364,"Optata"),
(3365,"Orabell"),
(3366,"Orabella"),
(3367,"Orabilia"),
(3368,"Orabilis"),
(3369,"Orabla"),
(3370,"Orable"),
(3371,"Orbaiz"),
(3372,"Ordizia"),
(3373,"Oreithuia"),
(3374,"Oreithyia"),
(3375,"Orella"),
(3376,"Orenge"),
(3377,"Orengia"),
(3378,"Oreute"),
(3379,"Organa"),
(3380,"Oria"),
(3381,"Oriabel"),
(3382,"Oriande"),
(3383,"Oriante"),
(3384,"Orieldis"),
(3385,"Oriholt"),
(3386,"Oriold"),
(3387,"Oriolda"),
(3388,"Oriolt"),
(3389,"Orithyia"),
(3390,"Oriz"),
(3391,"Oro"),
(3392,"Oroitze"),
(3393,"Ororbia"),
(3394,"Orose"),
(3395,"Orrao"),
(3396,"Orreaga"),
(3397,"Orsina"),
(3398,"Orsola"),
(3399,"Orthia"),
(3400,"Orzuri"),
(3401,"Osabide"),
(3402,"Osakun"),
(3403,"Osane"),
(3404,"Osasune"),
(3405,"Osgarda"),
(3406,"Osgiua"),
(3407,"Osina"),
(3408,"Osith"),
(3409,"Ositha"),
(3410,"Oskia"),
(3411,"Osteriz"),
(3412,"Osthryd"),
(3413,"Ostrogotho"),
(3414,"Ostryd"),
(3415,"Ostrythe"),
(3416,"Osyth"),
(3417,"Otberta"),
(3418,"Otgiua"),
(3419,"Otgiva"),
(3420,"Otilia"),
(3421,"Otonia"),
(3422,"Otsana"),
(3423,"Otsanda"),
(3424,"Ottavia"),
(3425,"Ottilia"),
(3426,"Otzaurte"),
(3427,"Our Lady of Begona"),
(3428,"Ourse"),
(3429,"Oydela"),
(3430,"Pacchild"),
(3431,"Palatina"),
(3432,"Pales"),
(3433,"Pandonia"),
(3434,"Pandwyna"),
(3435,"Panope"),
(3436,"Panora"),
(3437,"Panpoxa"),
(3438,"Pantxike Patxi"),
(3439,"Pare"),
(3440,"Parezi"),
(3441,"Parise"),
(3442,"Parisete"),
(3443,"Parmys"),
(3444,"Parnel"),
(3445,"Parnell"),
(3446,"Paronel"),
(3447,"Parthenia"),
(3448,"Parthenope"),
(3449,"Parysatis"),
(3450,"Pasara"),
(3451,"Pasiphae"),
(3452,"Paskalin"),
(3453,"Pasques"),
(3454,"Passara"),
(3455,"Passerose"),
(3456,"Pateria"),
(3457,"Paternain"),
(3458,"Patricia"),
(3459,"Patty"),
(3460,"Pauee"),
(3461,"Paui"),
(3462,"Pauie"),
(3463,"Paula"),
(3464,"Pauli"),
(3465,"Paulina"),
(3466,"Paveya"),
(3467,"Paveye"),
(3468,"Paz"),
(3469,"Pechel"),
(3470,"Peg"),
(3471,"Peggy"),
(3472,"Pelela"),
(3473,"Pelopia"),
(3474,"Peneli"),
(3475,"Penelope"),
(3476,"Penne"),
(3477,"Pentecost"),
(3478,"Pentecouste"),
(3479,"Penthesilea"),
(3480,"Percalus"),
(3481,"Pereite"),
(3482,"Perialla"),
(3483,"Periboea"),
(3484,"Pericleia"),
(3485,"Pernel"),
(3486,"Pernella"),
(3487,"Pernelle"),
(3488,"Pero"),
(3489,"Peronel"),
(3490,"Peronele"),
(3491,"Peronell"),
(3492,"Peronelle"),
(3493,"Perrete"),
(3494,"Perronele"),
(3495,"Perronnele"),
(3496,"Perronnelle"),
(3497,"Perrote"),
(3498,"Perse"),
(3499,"Persephone"),
(3500,"Persis"),
(3501,"Pertesia"),
(3502,"Pertxenta"),
(3503,"Pervica"),
(3504,"Pervinca"),
(3505,"Peryna"),
(3506,"Peta"),
(3507,"Peternel"),
(3508,"Peternell"),
(3509,"Peternella"),
(3510,"Petje"),
(3511,"Petrona"),
(3512,"Petronel"),
(3513,"Petronella"),
(3514,"Petronilla"),
(3515,"Petronille"),
(3516,"Petronyl"),
(3517,"Phaedra"),
(3518,"Phaedre"),
(3519,"Phaedyme"),
(3520,"Phaethusa"),
(3521,"Phaia"),
(3522,"Pharahildis"),
(3523,"Phelipote"),
(3524,"Phelis"),
(3525,"Phemie"),
(3526,"Pherenike"),
(3527,"Pheretima"),
(3528,"Pherusa"),
(3529,"Phigaleia"),
(3530,"Philea"),
(3531,"Philinna"),
(3532,"Philip"),
(3533,"Philippe"),
(3534,"Philles"),
(3535,"Phillice"),
(3536,"Phillida"),
(3537,"Phillip"),
(3538,"Philomache"),
(3539,"Philomela"),
(3540,"Philomena"),
(3541,"Philona"),
(3542,"Philota"),
(3543,"Phoebe"),
(3544,"Phratagune"),
(3545,"Phryne"),
(3546,"Phylace"),
(3547,"Phylia"),
(3548,"Phyllis"),
(3549,"Phylo"),
(3550,"Phylomedusa"),
(3551,"Pia"),
(3552,"Piedad"),
(3553,"Pilar"),
(3554,"Pilare"),
(3555,"Pipa"),
(3556,"Pippa"),
(3557,"Pizkunde"),
(3558,"Placencia"),
(3559,"Placidia"),
(3560,"Placidina"),
(3561,"Pleasant"),
(3562,"Pleasaunce"),
(3563,"Plectrudis"),
(3564,"Plente"),
(3565,"Plesance"),
(3566,"Plesancia"),
(3567,"Plesantia"),
(3568,"Plesencia"),
(3569,"Podarge"),
(3570,"Pogge"),
(3571,"Poggy"),
(3572,"Poko"),
(3573,"Polly"),
(3574,"Polycaste"),
(3575,"Polydamna"),
(3576,"Polydora"),
(3577,"Polymede"),
(3578,"Polyxena"),
(3579,"Pompeiana"),
(3580,"Popelina"),
(3581,"Poyo"),
(3582,"Pozne"),
(3583,"Praeiecta"),
(3584,"Preciosa"),
(3585,"Precious"),
(3586,"Presentacion"),
(3587,"Primaveira"),
(3588,"Primeveire"),
(3589,"Printza"),
(3590,"Proba"),
(3591,"Probina"),
(3592,"Procne"),
(3593,"Procris"),
(3594,"Prone"),
(3595,"Pronèle"),
(3596,"Proseria"),
(3597,"Protezy"),
(3598,"Prothasey"),
(3599,"Prothesia"),
(3600,"Proto"),
(3601,"Protogonia"),
(3602,"Prudencia"),
(3603,"Prudentia"),
(3604,"Prudie"),
(3605,"Prue"),
(3606,"Psamathe"),
(3607,"Psyche"),
(3608,"Pueyo"),
(3609,"Purificacion"),
(3610,"Purissimma"),
(3611,"Purnelle"),
(3612,"Purnle"),
(3613,"Putiputi"),
(3614,"Puy"),
(3615,"Pylia"),
(3616,"Pypa"),
(3617,"Pyrrha"),
(3618,"Pythias"),
(3619,"Quenburga"),
(3620,"Quenell"),
(3621,"Queneua"),
(3622,"Quenild"),
(3623,"Quenilda"),
(3624,"Quenill"),
(3625,"Quenilla"),
(3626,"Queniua"),
(3627,"Quenyeve"),
(3628,"Quenylda"),
(3629,"Quynel"),
(3630,"Qwinhild"),
(3631,"Ra"),
(3632,"Radagundis"),
(3633,"Radborg"),
(3634,"Radburg"),
(3635,"Radburgis"),
(3636,"Radegund"),
(3637,"Radeken"),
(3638,"Radgert"),
(3639,"Radlia"),
(3640,"Radogund"),
(3641,"Radsuinda"),
(3642,"Rainilda"),
(3643,"Rainildis"),
(3644,"Raisa"),
(3645,"Ramburga"),
(3646,"Rametta"),
(3647,"Ramona"),
(3648,"Rangi"),
(3649,"Rante"),
(3650,"Rata"),
(3651,"RayneReine"),
(3652,"Rechemay"),
(3653,"Reenste"),
(3654,"Reeste"),
(3655,"Regana"),
(3656,"Regenburuga"),
(3657,"Regenelda"),
(3658,"Regenlind"),
(3659,"Regenset"),
(3660,"Reginsuint"),
(3661,"Regneuuig"),
(3662,"Regula"),
(3663,"Reimerich"),
(3664,"Reinewif"),
(3665,"Reingard"),
(3666,"Reingardis"),
(3667,"Reingart"),
(3668,"Reingaud"),
(3669,"Reingod"),
(3670,"Reinhedis"),
(3671,"Reinne"),
(3672,"Reinsuent"),
(3673,"Relindis"),
(3674,"Remedios"),
(3675,"Renata"),
(3676,"Renburgis"),
(3677,"Renilla"),
(3678,"Rennewief"),
(3679,"Rerte"),
(3680,"Resli"),
(3681,"Reta"),
(3682,"Rewa"),
(3683,"Rewi"),
(3684,"Reyna"),
(3685,"Reyne"),
(3686,"Rhea"),
(3687,"Rhene"),
(3688,"Rhoda"),
(3689,"Rhode"),
(3690,"Rhodope"),
(3691,"Riberta"),
(3692,"Richardyne"),
(3693,"Richelda"),
(3694,"Richemeya"),
(3695,"Richenda"),
(3696,"Richenza"),
(3697,"Richessa"),
(3698,"Richil"),
(3699,"Richild"),
(3700,"Richildis"),
(3701,"Richill"),
(3702,"Richmal"),
(3703,"Richoard"),
(3704,"Richolda"),
(3705,"Riclindis"),
(3706,"Ricolda"),
(3707,"Ricsuinda"),
(3708,"Rieke"),
(3709,"Rikild"),
(3710,"Rikilda"),
(3711,"Rikilde"),
(3712,"Rikildis"),
(3713,"Rikmai"),
(3714,"Rinelt"),
(3715,"Rinilda"),
(3716,"Rinne"),
(3717,"Rinnett"),
(3718,"Rixenda"),
(3719,"Rixende"),
(3720,"Roana"),
(3721,"Roberge"),
(3722,"Rochilda"),
(3723,"Rodburga"),
(3724,"Rodelinda"),
(3725,"Rodgarda"),
(3726,"Rodgardae"),
(3727,"Roes"),
(3728,"Roese"),
(3729,"Roesia"),
(3730,"Roesli"),
(3731,"Rofsind"),
(3732,"Rogerete"),
(3733,"Roheis"),
(3734,"Roheisa"),
(3735,"Roheisia"),
(3736,"Rohese"),
(3737,"Rohesia"),
(3738,"Rohez"),
(3739,"Roimata"),
(3740,"Roisia"),
(3741,"Rokilda"),
(3742,"Roos"),
(3743,"Rosa"),
(3744,"Rosalind"),
(3745,"Rosalinda"),
(3746,"Rosaline"),
(3747,"Rosamond"),
(3748,"Rosamund"),
(3749,"Rosamunda"),
(3750,"Rosario"),
(3751,"Rose"),
(3752,"Roseaman"),
(3753,"Roseia"),
(3754,"Rosemond"),
(3755,"Rosemonde"),
(3756,"Rosemunda"),
(3757,"Roslindis"),
(3758,"Rosomon"),
(3759,"Rossamond"),
(3760,"Roste"),
(3761,"Roswitha"),
(3762,"Rotburga"),
(3763,"Rothaide"),
(3764,"Rothais"),
(3765,"Rothin"),
(3766,"Rotlenda"),
(3767,"Rotrude"),
(3768,"Rotrudis"),
(3769,"Rousse"),
(3770,"Roxane"),
(3771,"Royce"),
(3772,"Roysa"),
(3773,"Royse"),
(3774,"Roysia"),
(3775,"Rozeman"),
(3776,"Rubea"),
(3777,"Ruothilde"),
(3778,"Rupe"),
(3779,"Rustica"),
(3780,"Rusticana"),
(3781,"Rychyld"),
(3782,"Rykeld"),
(3783,"Sabbe"),
(3784,"Sabie"),
(3785,"Sabin"),
(3786,"Sabine"),
(3787,"Saby"),
(3788,"Sabyn"),
(3789,"Saethrith"),
(3790,"Saethryda"),
(3791,"Sagarduia"),
(3792,"Sagari"),
(3793,"Sageua"),
(3794,"Sageue"),
(3795,"Sahats"),
(3796,"Saieua"),
(3797,"Saintisme"),
(3798,"Saints"),
(3799,"Saioa"),
(3800,"Saiua"),
(3801,"Salerna"),
(3802,"Sallurtegi"),
(3803,"Saloua"),
(3804,"Salove"),
(3805,"Salvianella"),
(3806,"Samke"),
(3807,"Sanceline"),
(3808,"Sancha"),
(3809,"Sanche"),
(3810,"Sanctia"),
(3811,"Santutxo"),
(3812,"Sappho"),
(3813,"Sarke"),
(3814,"Sayeua"),
(3815,"Sayeva"),
(3816,"Sayntes"),
(3817,"Sayua"),
(3818,"Scholace"),
(3819,"Scholast"),
(3820,"Science"),
(3821,"Sciencia"),
(3822,"Scientia"),
(3823,"Scolacia"),
(3824,"Scolastica"),
(3825,"Scylla"),
(3826,"Sebasteia"),
(3827,"Seburg"),
(3828,"Seburga"),
(3829,"Seburuh"),
(3830,"Secile"),
(3831,"Sedaina"),
(3832,"Sedania"),
(3833,"Sedehanna"),
(3834,"Sedemai"),
(3835,"Sedemaiden"),
(3836,"Sedemode"),
(3837,"Sedille"),
(3838,"Sédillon"),
(3839,"Sedilon"),
(3840,"Seghuie"),
(3841,"Seheve"),
(3842,"Seiua"),
(3843,"Sela"),
(3844,"Selinah"),
(3845,"Seloua"),
(3846,"Seloue"),
(3847,"Selova"),
(3848,"Seluue"),
(3849,"Sely"),
(3850,"Semele"),
(3851,"Semera"),
(3852,"Sence"),
(3853,"Sens"),
(3854,"Senses"),
(3855,"Serena"),
(3856,"Sergia"),
(3857,"Seuar"),
(3858,"Seuare"),
(3859,"Sewenna"),
(3860,"Seyiua"),
(3861,"Seyua"),
(3862,"Sib"),
(3863,"Sibb"),
(3864,"Sibba"),
(3865,"Sibbe"),
(3866,"Sibbet"),
(3867,"Sibbly"),
(3868,"Sibbot"),
(3869,"Sibel"),
(3870,"Sibeli"),
(3871,"Sibell"),
(3872,"Sibella"),
(3873,"Sibely"),
(3874,"Sibil"),
(3875,"Sibile"),
(3876,"Sibilia"),
(3877,"Sibilie"),
(3878,"Sibilla"),
(3879,"Sibley"),
(3880,"Sibli"),
(3881,"Sibly"),
(3882,"Siborch"),
(3883,"Sibota"),
(3884,"Sibri"),
(3885,"Sibry"),
(3886,"Siburg"),
(3887,"Sibyll"),
(3888,"Sibylla"),
(3889,"Sicillia"),
(3890,"Siddon"),
(3891,"Sidney"),
(3892,"Sidonia"),
(3893,"Sidonie"),
(3894,"Sieber"),
(3895,"Sierida"),
(3896,"Sieverte"),
(3897,"Sigarda"),
(3898,"Sigberta"),
(3899,"Sigeberta"),
(3900,"Sigeburgis"),
(3901,"Sigerith"),
(3902,"Sigethrod"),
(3903,"Sigiburgis"),
(3904,"Silke"),
(3905,"Sillina"),
(3906,"Silva"),
(3907,"Similce"),
(3908,"Sina"),
(3909,"Sindonia"),
(3910,"Sira"),
(3911,"Sirida"),
(3912,"Siscella"),
(3913,"Sisilla"),
(3914,"Sisley"),
(3915,"Sisse"),
(3916,"Sissota"),
(3917,"Sisygambis"),
(3918,"Sjante"),
(3919,"Snelburch"),
(3920,"Soberich"),
(3921,"Sofie"),
(3922,"Soiartze"),
(3923,"Sokorri"),
(3924,"Sol"),
(3925,"Soledad"),
(3926,"Sonja"),
(3927,"Sophia"),
(3928,"Sophoniba"),
(3929,"Sophonisba"),
(3930,"Sophonsiba"),
(3931,"Sorauren"),
(3932,"Sorkunde"),
(3933,"Sorne"),
(3934,"Soskao"),
(3935,"Sotera"),
(3936,"Soterraa"),
(3937,"Souplice"),
(3938,"Speio"),
(3939,"Splendora"),
(3940,"Sreda"),
(3941,"Stacia"),
(3942,"Stamburc"),
(3943,"Stanborw"),
(3944,"Stanburch"),
(3945,"Stangiva"),
(3946,"Stanguie"),
(3947,"Stanhilda"),
(3948,"Stanild"),
(3949,"Stanilde"),
(3950,"Stanuie"),
(3951,"Stanyue"),
(3952,"Stateira"),
(3953,"Stenburch"),
(3954,"Stephanie"),
(3955,"Stheneboea"),
(3956,"Stientje"),
(3957,"Stilleuuara"),
(3958,"Stina"),
(3959,"Stonild"),
(3960,"Stonilda"),
(3961,"Stonildi"),
(3962,"Stratonice"),
(3963,"Strilleburg"),
(3964,"Sueta"),
(3965,"Sueteluue"),
(3966,"Suitburgis"),
(3967,"Sungyve"),
(3968,"Sunigilda"),
(3969,"Sunilda"),
(3970,"Sunna"),
(3971,"Sunngifu"),
(3972,"Susanna"),
(3973,"Swale"),
(3974,"Swantje"),
(3975,"Sweteloue"),
(3976,"Swetelove"),
(3977,"Swethyna"),
(3978,"Swetiue"),
(3979,"Swetyene"),
(3980,"Swetyne"),
(3981,"Syagria"),
(3982,"Syardis"),
(3983,"Sybbly"),
(3984,"Sybby"),
(3985,"Sybell"),
(3986,"Sybil"),
(3987,"Sybill"),
(3988,"Sybilla"),
(3989,"Sybille"),
(3990,"Sybyle"),
(3991,"Sybyll"),
(3992,"Sybyly"),
(3993,"Sycily"),
(3994,"Syele"),
(3995,"Synnove"),
(3996,"Sysley"),
(3997,"Syslye"),
(3998,"Tacey"),
(3999,"Tacia"),
(4000,"Tacye"),
(4001,"Taggett"),
(4002,"Taggy"),
(4003,"Taiaroa"),
(4004,"Talaitha"),
(4005,"Tamati"),
(4006,"Tatje"),
(4007,"Tawhaki"),
(4008,"Tece"),
(4009,"Tecmessa"),
(4010,"Tede"),
(4011,"Telephassa"),
(4012,"Teresa"),
(4013,"Terese"),
(4014,"Tetradia"),
(4015,"Tetxa"),
(4016,"Teudsindis"),
(4017,"Thais"),
(4018,"Thalassa"),
(4019,"Thaleia"),
(4020,"Thalke"),
(4021,"Thancuuara"),
(4022,"Thangustella"),
(4023,"Thea"),
(4024,"Theaduuara"),
(4025,"Theano"),
(4026,"Thebe"),
(4027,"Thedela"),
(4028,"Theeste"),
(4029,"Theldred"),
(4030,"Theldry"),
(4031,"Thelma"),
(4032,"Themis"),
(4033,"Theocharista"),
(4034,"Theodananda"),
(4035,"Theodelinda"),
(4036,"Theoderada"),
(4037,"Theodora"),
(4038,"Theodoracis"),
(4039,"Theodosia"),
(4040,"Theodotis"),
(4041,"Theognosia"),
(4042,"Theophane"),
(4043,"Theophania"),
(4044,"Theophano"),
(4045,"Theresa"),
(4046,"Thessala"),
(4047,"Thessalonike"),
(4048,"Thetis"),
(4049,"Theutberga"),
(4050,"Thidela"),
(4051,"Thieda"),
(4052,"Thietgarda"),
(4053,"Thietuuich"),
(4054,"Thietwara"),
(4055,"Thiodsind"),
(4056,"Thiodsuinda"),
(4057,"Thisbe"),
(4058,"Thiudigotho"),
(4059,"Thiutuuara"),
(4060,"Thoë"),
(4061,"Thomassa"),
(4062,"Thomassia"),
(4063,"Thoösa"),
(4064,"Thrasborg"),
(4065,"Thrudberga"),
(4066,"Thyia"),
(4067,"Tice"),
(4068,"Ticekin"),
(4069,"Tiece"),
(4070,"Tièce"),
(4071,"Tiecelin"),
(4072,"Tiecia"),
(4073,"Tiede"),
(4074,"Tietlenda"),
(4075,"Tietza"),
(4076,"Tilda"),
(4077,"Till"),
(4078,"Tilla"),
(4079,"Tille"),
(4080,"Tillie"),
(4081,"Tillot"),
(4082,"Tillota"),
(4083,"Tillote"),
(4084,"Tilly"),
(4085,"Timandra"),
(4086,"Timo"),
(4087,"Tina"),
(4088,"Tiwho"),
(4089,"Tjabbend"),
(4090,"Tjalde"),
(4091,"Toda"),
(4092,"Toi"),
(4093,"Toloo"),
(4094,"Tomyris"),
(4095,"Tonna"),
(4096,"Toto"),
(4097,"Trhutborgana"),
(4098,"Trinidad"),
(4099,"Trissie"),
(4100,"Trixie"),
(4101,"Truda"),
(4102,"Trudi"),
(4103,"Trudlinde"),
(4104,"True"),
(4105,"Truffeni"),
(4106,"Trutilda"),
(4107,"Tryphena"),
(4108,"Tryphosa"),
(4109,"Tui"),
(4110,"Tungia"),
(4111,"Turi"),
(4112,"Txori"),
(4113,"Tyèce"),
(4114,"Tyecelin"),
(4115,"Tyeceline"),
(4116,"Tyro"),
(4117,"Ualdburg"),
(4118,"Ualdethruda"),
(4119,"Uba"),
(4120,"Ubaga"),
(4121,"Ubarriaran"),
(4122,"Uda"),
(4123,"Udaberri"),
(4124,"Udala"),
(4125,"Udane"),
(4126,"Udara"),
(4127,"Udazken"),
(4128,"Udelina"),
(4129,"Udeline"),
(4130,"Udiarraga"),
(4131,"Udoz"),
(4132,"Ueremund"),
(4133,"Uerenburoc"),
(4134,"Uga"),
(4135,"Ugarte"),
(4136,"Uiburgis"),
(4137,"Uindborog"),
(4138,"Uinebarga"),
(4139,"Uireda"),
(4140,"Ula"),
(4141,"Ulfhild"),
(4142,"Ulgarda"),
(4143,"Uli"),
(4144,"Ulia"),
(4145,"Ulveva"),
(4146,"Unice"),
(4147,"Untza"),
(4148,"Untzizu"),
(4149,"Uoldolberta"),
(4150,"Uraburu"),
(4151,"Uralde"),
(4152,"Urbe"),
(4153,"Urcy"),
(4154,"Urdaiaga"),
(4155,"Urdie"),
(4156,"Urdina"),
(4157,"Uriarte"),
(4158,"Uribarri"),
(4159,"Urie"),
(4160,"Uriz"),
(4161,"Urkia"),
(4162,"Uronea"),
(4163,"Urraka"),
(4164,"Urrategi"),
(4165,"Urrea"),
(4166,"Urreturre"),
(4167,"Urretxa"),
(4168,"Urrexola"),
(4169,"Urrialdo"),
(4170,"Urroz"),
(4171,"Ursaly"),
(4172,"Ursel"),
(4173,"Urseley"),
(4174,"Ursell"),
(4175,"Ursola"),
(4176,"Urtune"),
(4177,"Urtza"),
(4178,"Urtzumu"),
(4179,"Uschi"),
(4180,"Usmene"),
(4181,"Usoa"),
(4182,"Usue"),
(4183,"Usune"),
(4184,"Utsune"),
(4185,"Uzuri"),
(4186,"Vadamerca"),
(4187,"Valdamerca"),
(4188,"Vanora"),
(4189,"Veleda"),
(4190,"Veneranda"),
(4191,"Verena"),
(4192,"Vesta"),
(4193,"Vigilantia"),
(4194,"Vigilia"),
(4195,"Violante"),
(4196,"Violet"),
(4197,"Violetta"),
(4198,"Violette"),
(4199,"Visitacion"),
(4200,"Vitula"),
(4201,"Vivian"),
(4202,"Viviana"),
(4203,"Vivien"),
(4204,"Vivienne"),
(4205,"Vreneli"),
(4206,"Vreni"),
(4207,"Vrowecin"),
(4208,"Vualdberta"),
(4209,"Vualdedruda"),
(4210,"Vualdetruda"),
(4211,"Vuifken"),
(4212,"Vuinetberta"),
(4213,"Vuissance"),
(4214,"Vuiuechin"),
(4215,"Wackrill"),
(4216,"Waerburg"),
(4217,"Waitohi"),
(4218,"Waldburg"),
(4219,"Waldrada"),
(4220,"Wander"),
(4221,"Wannore"),
(4222,"Wannour"),
(4223,"Wantelien"),
(4224,"Wantliana"),
(4225,"Warehild"),
(4226,"Watcelina"),
(4227,"Wavin"),
(4228,"Wea"),
(4229,"Wealdburg"),
(4230,"Wealhburg"),
(4231,"Weertje"),
(4232,"Wekerild"),
(4233,"Wemke"),
(4234,"Wendel"),
(4235,"Wenefreda"),
(4236,"Wenthelen"),
(4237,"Wentiliana"),
(4238,"Werburg"),
(4239,"Werburga"),
(4240,"Werburgh"),
(4241,"Werbyrgh"),
(4242,"Wereburga"),
(4243,"Whetu"),
(4244,"Wibke"),
(4245,"Wiblind"),
(4246,"Wiburge"),
(4247,"Wiburgis"),
(4248,"Wiemda"),
(4249,"Wifhildis"),
(4250,"Wihted"),
(4251,"Wilberga"),
(4252,"Wilgefortis"),
(4253,"Wilgeva"),
(4254,"Willelda"),
(4255,"Willelma"),
(4256,"Willesuindis"),
(4257,"Wilmetta"),
(4258,"Wilmke"),
(4259,"Wilmot"),
(4260,"Wimarc"),
(4261,"Wimarca"),
(4262,"Winefred"),
(4263,"Winifred"),
(4264,"Winnifred"),
(4265,"Wivecin"),
(4266,"Wivin"),
(4267,"Wlbergis"),
(4268,"Wlbgis"),
(4269,"Wlfeuua"),
(4270,"Wlfildis"),
(4271,"Wlgert"),
(4272,"Wlueth"),
(4273,"Wluiaa"),
(4274,"Wluiua"),
(4275,"Wluyua"),
(4276,"Wlveva"),
(4277,"Wocbke"),
(4278,"Wofled"),
(4279,"Wolfleda"),
(4280,"Wolueua"),
(4281,"Wolueue"),
(4282,"Woluiua"),
(4283,"Wubcke"),
(4284,"Wulfhilda"),
(4285,"Wulfhildis"),
(4286,"Wulfiue"),
(4287,"Wulfled"),
(4288,"Wulfleda"),
(4289,"Wulfrueua"),
(4290,"Wuluefa"),
(4291,"Wuluethia"),
(4292,"Wulueua"),
(4293,"Wuluiua"),
(4294,"Wuluiue"),
(4295,"Wulvela"),
(4296,"Wulvella"),
(4297,"Wulveva"),
(4298,"Wulveve"),
(4299,"Wulviva"),
(4300,"Wulwiua"),
(4301,"Wumke"),
(4302,"Wyberg"),
(4303,"Wybir"),
(4304,"Wybur"),
(4305,"Wyburgh"),
(4306,"Wynifreed"),
(4307,"Yayone"),
(4308,"Yda"),
(4309,"Ydany"),
(4310,"Ydeneye"),
(4311,"Ydenia"),
(4312,"Ydon"),
(4313,"Ydonea"),
(4314,"Yera"),
(4315,"Yfame"),
(4316,"Ylaire"),
(4317,"Ylaria"),
(4318,"Yllaria"),
(4319,"Ymanie"),
(4320,"Ymanya"),
(4321,"Ymanye"),
(4322,"Ymeisna"),
(4323,"Ymenia"),
(4324,"Ynstauncia"),
(4325,"Yolande"),
(4326,"Yolant"),
(4327,"Yootha"),
(4328,"Yordana"),
(4329,"Younice"),
(4330,"Yrmengardis"),
(4331,"Ysane"),
(4332,"Ysemay"),
(4333,"Ysenda"),
(4334,"Yseult"),
(4335,"Yseulte"),
(4336,"Ysmay"),
(4337,"Ysmeina"),
(4338,"Ysmena"),
(4339,"Ysmene"),
(4340,"Ysolt"),
(4341,"Ysopa"),
(4342,"Ysoria"),
(4343,"Ysoude"),
(4344,"Ysout"),
(4345,"Yulene"),
(4346,"Yvette"),
(4347,"Yzebel"),
(4348,"Xabadin"),
(4349,"Xanthe"),
(4350,"Xanthippe"),
(4351,"Xantippe"),
(4352,"Xaxi"),
(4353,"Xemein"),
(4354,"Xene"),
(4355,"Xenophile"),
(4356,"Ximena"),
(4357,"Xixili"),
(4358,"Xoramen"),
(4359,"Zabal"),
(4360,"Zabaleta"),
(4361,"Zaballa"),
(4362,"Zaloa"),
(4363,"Zamartze"),
(4364,"Zandua"),
(4365,"Zarala"),
(4366,"Zeberiogana"),
(4367,"Zelai"),
(4368,"Zelina"),
(4369,"Zelizi"),
(4370,"Zenobia"),
(4371,"Zerran"),
(4372,"Zikuaga"),
(4373,"Zilia"),
(4374,"Ziortza"),
(4375,"Zita"),
(4376,"Zoe"),
(4377,"Zohartze"),
(4378,"Zorione"),
(4379,"Zuberoa"),
(4380,"Zubia"),
(4381,"Zufiaurre"),
(4382,"Zuhaitz"),
(4383,"Zumadoia"),
(4384,"Zumalburu"),
(4385,"Zuri"),
(4386,"Zuria"),
(4387,"Zuriaa"),
(4388,"Zurie"),
(4389,"Zuza"),
(4390,"Zuzene"),
(4391,"Zwaante"),
